split,relative_stem,image_path,width,height,aspect_ratio,objects
train,frame_00007081,images/train/frame_00007081.jpg,848,462,1.8354978354978355,1
train,frame_00007281,images/train/frame_00007281.jpg,1280,720,1.7777777777777777,24
train,frame_00007391,images/train/frame_00007391.jpg,1024,1280,0.8,1
train,frame_00007429,images/train/frame_00007429.jpg,640,352,1.8181818181818181,1
train,frame_00007440,images/train/frame_00007440.jpg,640,352,1.8181818181818181,5
train,frame_00007511,images/train/frame_00007511.jpg,1920,1080,1.7777777777777777,1
train,frame_00007861,images/train/frame_00007861.jpg,1920,1072,1.791044776119403,1
train,frame_00007862,images/train/frame_00007862.jpg,1920,1072,1.791044776119403,1
train,frame_00007890,images/train/frame_00007890.jpg,1920,1072,1.791044776119403,1
train,frame_00008039,images/train/frame_00008039.jpg,1920,1072,1.791044776119403,1
train,frame_00008448,images/train/frame_00008448.jpg,1280,592,2.1621621621621623,3
train,frame_00008690,images/train/frame_00008690.jpg,1280,592,2.1621621621621623,2
train,frame_00008765,images/train/frame_00008765.jpg,1280,592,2.1621621621621623,4
train,frame_00008880,images/train/frame_00008880.jpg,1280,592,2.1621621621621623,1
train,frame_00009111,images/train/frame_00009111.jpg,1280,592,2.1621621621621623,5
train,frame_00009223,images/train/frame_00009223.jpg,1280,592,2.1621621621621623,4
train,frame_00009841,images/train/frame_00009841.jpg,1280,592,2.1621621621621623,2
train,frame_00009900,images/train/frame_00009900.jpg,1280,592,2.1621621621621623,3
train,frame_00010396,images/train/frame_00010396.jpg,1280,592,2.1621621621621623,2
train,frame_00010475,images/train/frame_00010475.jpg,1280,592,2.1621621621621623,2
train,frame_00010841,images/train/frame_00010841.jpg,1280,720,1.7777777777777777,1
train,frame_00010882,images/train/frame_00010882.jpg,1280,720,1.7777777777777777,1
train,frame_00010925,images/train/frame_00010925.jpg,1280,720,1.7777777777777777,1
train,frame_00011355,images/train/frame_00011355.jpg,1280,720,1.7777777777777777,1
train,frame_00011398,images/train/frame_00011398.jpg,1280,720,1.7777777777777777,1
train,frame_00011405,images/train/frame_00011405.jpg,1280,720,1.7777777777777777,1
train,frame_00011540,images/train/frame_00011540.jpg,1280,720,1.7777777777777777,1
train,frame_00011549,images/train/frame_00011549.jpg,1280,720,1.7777777777777777,1
train,frame_00011635,images/train/frame_00011635.jpg,1280,720,1.7777777777777777,1
train,frame_00011804,images/train/frame_00011804.jpg,1280,720,1.7777777777777777,1
train,frame_00011911,images/train/frame_00011911.jpg,1280,720,1.7777777777777777,1
train,frame_00011996,images/train/frame_00011996.jpg,1280,720,1.7777777777777777,3
train,frame_00012481,images/train/frame_00012481.jpg,1280,720,1.7777777777777777,1
train,frame_00012559,images/train/frame_00012559.jpg,1280,720,1.7777777777777777,1
train,frame_00012609,images/train/frame_00012609.jpg,1280,720,1.7777777777777777,2
train,frame_00012770,images/train/frame_00012770.jpg,1280,720,1.7777777777777777,1
train,frame_00012920,images/train/frame_00012920.jpg,1280,720,1.7777777777777777,1
train,frame_00012938,images/train/frame_00012938.jpg,1280,720,1.7777777777777777,2
train,frame_00013064,images/train/frame_00013064.jpg,848,462,1.8354978354978355,1
train,frame_00013156,images/train/frame_00013156.jpg,1280,720,1.7777777777777777,2
train,frame_00013160,images/train/frame_00013160.jpg,1280,720,1.7777777777777777,1
train,frame_00013163,images/train/frame_00013163.jpg,1280,720,1.7777777777777777,1
train,frame_00013244,images/train/frame_00013244.jpg,1280,704,1.8181818181818181,3
train,frame_00013807,images/train/frame_00013807.jpg,1280,720,1.7777777777777777,1
train,frame_00014295,images/train/frame_00014295.jpg,1920,1072,1.791044776119403,2
train,frame_00014349,images/train/frame_00014349.jpg,1920,1072,1.791044776119403,2
train,frame_00014435,images/train/frame_00014435.jpg,1920,1072,1.791044776119403,2
train,frame_00014445,images/train/frame_00014445.jpg,1920,1072,1.791044776119403,1
train,frame_00014473,images/train/frame_00014473.jpg,1920,1072,1.791044776119403,2
train,frame_00014536,images/train/frame_00014536.jpg,1920,1072,1.791044776119403,2
train,frame_00014766,images/train/frame_00014766.jpg,1280,720,1.7777777777777777,2
train,frame_00014803,images/train/frame_00014803.jpg,1280,720,1.7777777777777777,1
train,frame_00014832,images/train/frame_00014832.jpg,1280,720,1.7777777777777777,1
train,frame_00015125,images/train/frame_00015125.jpg,1280,720,1.7777777777777777,2
train,frame_00015518,images/train/frame_00015518.jpg,1280,720,1.7777777777777777,1
train,frame_00015540,images/train/frame_00015540.jpg,1280,720,1.7777777777777777,1
train,frame_00015792,images/train/frame_00015792.jpg,720,1280,0.5625,2
train,frame_00015824,images/train/frame_00015824.jpg,1280,712,1.797752808988764,1
train,frame_00015933,images/train/frame_00015933.jpg,1280,720,1.7777777777777777,1
train,frame_00016222,images/train/frame_00016222.jpg,1920,1080,1.7777777777777777,2
train,frame_00016433,images/train/frame_00016433.jpg,1280,720,1.7777777777777777,1
train,frame_00016483,images/train/frame_00016483.jpg,1280,720,1.7777777777777777,1
train,frame_00016528,images/train/frame_00016528.jpg,1280,720,1.7777777777777777,1
train,frame_00016584,images/train/frame_00016584.jpg,1280,720,1.7777777777777777,2
train,frame_00016776,images/train/frame_00016776.jpg,1920,1072,1.791044776119403,1
train,frame_00017007,images/train/frame_00017007.jpg,1280,720,1.7777777777777777,1
train,frame_00017205,images/train/frame_00017205.jpg,1280,704,1.8181818181818181,1
train,frame_00017220,images/train/frame_00017220.jpg,1280,704,1.8181818181818181,1
train,frame_00017415,images/train/frame_00017415.jpg,1920,1072,1.791044776119403,2
train,frame_00017468,images/train/frame_00017468.jpg,1920,1072,1.791044776119403,5
train,frame_00017469,images/train/frame_00017469.jpg,1920,1072,1.791044776119403,7
train,frame_00017488,images/train/frame_00017488.jpg,1920,1072,1.791044776119403,3
train,frame_00017653,images/train/frame_00017653.jpg,1280,720,1.7777777777777777,1
train,frame_00017994,images/train/frame_00017994.jpg,1280,720,1.7777777777777777,1
train,frame_00018120,images/train/frame_00018120.jpg,1280,720,1.7777777777777777,1
train,frame_00018129,images/train/frame_00018129.jpg,1280,720,1.7777777777777777,1
train,frame_00018211,images/train/frame_00018211.jpg,1280,720,1.7777777777777777,2
train,frame_00018300,images/train/frame_00018300.jpg,1280,720,1.7777777777777777,1
train,frame_00018366,images/train/frame_00018366.jpg,1280,720,1.7777777777777777,5
train,frame_00018603,images/train/frame_00018603.jpg,1280,720,1.7777777777777777,1
train,frame_00018616,images/train/frame_00018616.jpg,1280,720,1.7777777777777777,1
train,frame_00018920,images/train/frame_00018920.jpg,1280,720,1.7777777777777777,1
train,frame_00019069,images/train/frame_00019069.jpg,1280,848,1.509433962264151,2
train,frame_00019155,images/train/frame_00019155.jpg,1280,720,1.7777777777777777,1
train,frame_00019269,images/train/frame_00019269.jpg,1280,720,1.7777777777777777,1
train,frame_00019303,images/train/frame_00019303.jpg,1280,714,1.792717086834734,1
train,frame_00019368,images/train/frame_00019368.jpg,1280,720,1.7777777777777777,3
train,frame_00019818,images/train/frame_00019818.jpg,1280,720,1.7777777777777777,4
train,frame_00019917,images/train/frame_00019917.jpg,1280,676,1.893491124260355,2
train,frame_00020225,images/train/frame_00020225.jpg,448,820,0.5463414634146342,1
train,frame_00020347,images/train/frame_00020347.jpg,448,820,0.5463414634146342,2
train,frame_00020553,images/train/frame_00020553.jpg,1280,704,1.8181818181818181,11
train,frame_00020564,images/train/frame_00020564.jpg,1280,704,1.8181818181818181,1
train,frame_00020630,images/train/frame_00020630.jpg,688,1280,0.5375,1
train,frame_00021002,images/train/frame_00021002.jpg,1280,720,1.7777777777777777,3
train,frame_00021186,images/train/frame_00021186.jpg,1280,720,1.7777777777777777,3
train,frame_00021236,images/train/frame_00021236.jpg,1280,720,1.7777777777777777,1
train,frame_00021416,images/train/frame_00021416.jpg,720,1280,0.5625,2
train,frame_00021504,images/train/frame_00021504.jpg,1280,720,1.7777777777777777,4
train,frame_00021561,images/train/frame_00021561.jpg,1280,720,1.7777777777777777,2
train,frame_00021586,images/train/frame_00021586.jpg,1280,720,1.7777777777777777,3
train,frame_00021587,images/train/frame_00021587.jpg,1280,720,1.7777777777777777,3
train,frame_00021677,images/train/frame_00021677.jpg,1920,1080,1.7777777777777777,2
train,frame_00021679,images/train/frame_00021679.jpg,1920,1080,1.7777777777777777,2
train,frame_00021682,images/train/frame_00021682.jpg,1920,1080,1.7777777777777777,2
train,frame_00021944,images/train/frame_00021944.jpg,1280,720,1.7777777777777777,4
train,frame_00021974,images/train/frame_00021974.jpg,640,518,1.2355212355212355,1
train,frame_00022016,images/train/frame_00022016.jpg,496,632,0.7848101265822784,4
train,frame_00022592,images/train/frame_00022592.jpg,1280,720,1.7777777777777777,1
train,frame_00022612,images/train/frame_00022612.jpg,848,564,1.50354609929078,1
train,frame_00022735,images/train/frame_00022735.jpg,1280,704,1.8181818181818181,1
train,frame_00023018,images/train/frame_00023018.jpg,848,480,1.7666666666666666,1
train,frame_00023021,images/train/frame_00023021.jpg,848,480,1.7666666666666666,2
train,frame_00023071,images/train/frame_00023071.jpg,1280,720,1.7777777777777777,1
train,frame_00023146,images/train/frame_00023146.jpg,848,484,1.7520661157024793,1
train,frame_00023735,images/train/frame_00023735.jpg,848,476,1.781512605042017,1
train,frame_00024121,images/train/frame_00024121.jpg,1280,720,1.7777777777777777,1
train,frame_00024575,images/train/frame_00024575.jpg,736,1280,0.575,1
train,frame_00024962,images/train/frame_00024962.jpg,1280,720,1.7777777777777777,1
train,frame_00025276,images/train/frame_00025276.jpg,1280,720,1.7777777777777777,1
train,frame_00025389,images/train/frame_00025389.jpg,1920,1072,1.791044776119403,1
train,frame_00025553,images/train/frame_00025553.jpg,1280,844,1.5165876777251184,4
train,frame_00025782,images/train/frame_00025782.jpg,1280,720,1.7777777777777777,1
train,frame_00025997,images/train/frame_00025997.jpg,1280,704,1.8181818181818181,2
train,frame_00026415,images/train/frame_00026415.jpg,848,480,1.7666666666666666,1
train,frame_00026538,images/train/frame_00026538.jpg,848,480,1.7666666666666666,1
train,frame_00026631,images/train/frame_00026631.jpg,1280,720,1.7777777777777777,1
train,frame_00026648,images/train/frame_00026648.jpg,1280,720,1.7777777777777777,2
train,frame_00026755,images/train/frame_00026755.jpg,1280,1024,1.25,2
train,frame_00026913,images/train/frame_00026913.jpg,1920,1072,1.791044776119403,2
train,frame_00026975,images/train/frame_00026975.jpg,1280,724,1.7679558011049723,2
train,frame_00027060,images/train/frame_00027060.jpg,848,480,1.7666666666666666,1
train,frame_00027303,images/train/frame_00027303.jpg,848,462,1.8354978354978355,3
train,frame_00027455,images/train/frame_00027455.jpg,480,848,0.5660377358490566,1
train,frame_00027724,images/train/frame_00027724.jpg,1280,704,1.8181818181818181,2
train,frame_00027733,images/train/frame_00027733.jpg,1280,720,1.7777777777777777,1
train,frame_00027937,images/train/frame_00027937.jpg,1920,1078,1.7810760667903525,1
train,frame_00028443,images/train/frame_00028443.jpg,1280,720,1.7777777777777777,1
train,frame_00028548,images/train/frame_00028548.jpg,1280,720,1.7777777777777777,1
train,frame_00028681,images/train/frame_00028681.jpg,1280,720,1.7777777777777777,1
train,frame_00028723,images/train/frame_00028723.jpg,688,1280,0.5375,1
train,frame_00029189,images/train/frame_00029189.jpg,1280,720,1.7777777777777777,3
train,frame_00029462,images/train/frame_00029462.jpg,1920,1072,1.791044776119403,1
train,frame_00029621,images/train/frame_00029621.jpg,1280,720,1.7777777777777777,1
train,frame_00029655,images/train/frame_00029655.jpg,1280,720,1.7777777777777777,1
train,frame_00030283,images/train/frame_00030283.jpg,1280,720,1.7777777777777777,2
train,frame_00030536,images/train/frame_00030536.jpg,1280,720,1.7777777777777777,1
train,frame_00030585,images/train/frame_00030585.jpg,1280,724,1.7679558011049723,1
train,frame_00030901,images/train/frame_00030901.jpg,1920,1080,1.7777777777777777,3
train,frame_00031114,images/train/frame_00031114.jpg,720,1280,0.5625,2
train,frame_00031283,images/train/frame_00031283.jpg,848,464,1.8275862068965518,1
train,frame_00031348,images/train/frame_00031348.jpg,720,1280,0.5625,1
train,frame_00031357,images/train/frame_00031357.jpg,1280,720,1.7777777777777777,1
train,frame_00031477,images/train/frame_00031477.jpg,1920,1072,1.791044776119403,2
train,frame_00031717,images/train/frame_00031717.jpg,1280,720,1.7777777777777777,3
train,frame_00031894,images/train/frame_00031894.jpg,512,830,0.6168674698795181,1
train,frame_00032060,images/train/frame_00032060.jpg,1280,720,1.7777777777777777,3
train,frame_00032083,images/train/frame_00032083.jpg,1280,720,1.7777777777777777,1
train,frame_00032100,images/train/frame_00032100.jpg,1280,720,1.7777777777777777,1
train,frame_00032443,images/train/frame_00032443.jpg,1280,768,1.6666666666666667,4
train,frame_00032469,images/train/frame_00032469.jpg,1280,720,1.7777777777777777,3
train,frame_00032540,images/train/frame_00032540.jpg,1280,720,1.7777777777777777,1
train,frame_00032899,images/train/frame_00032899.jpg,1280,720,1.7777777777777777,1
train,frame_00033156,images/train/frame_00033156.jpg,1280,960,1.3333333333333333,1
train,frame_00033291,images/train/frame_00033291.jpg,1920,1072,1.791044776119403,1
train,frame_00033502,images/train/frame_00033502.jpg,848,480,1.7666666666666666,1
train,frame_00033612,images/train/frame_00033612.jpg,1280,720,1.7777777777777777,1
train,frame_00033643,images/train/frame_00033643.jpg,1280,720,1.7777777777777777,1
train,frame_00034533,images/train/frame_00034533.jpg,1920,1080,1.7777777777777777,2
train,frame_00034681,images/train/frame_00034681.jpg,1920,1080,1.7777777777777777,1
train,frame_00034688,images/train/frame_00034688.jpg,1920,1080,1.7777777777777777,2
train,frame_00034736,images/train/frame_00034736.jpg,1920,1080,1.7777777777777777,5
train,frame_00034929,images/train/frame_00034929.jpg,1280,724,1.7679558011049723,1
train,frame_00034933,images/train/frame_00034933.jpg,1280,724,1.7679558011049723,1
train,frame_00035557,images/train/frame_00035557.jpg,1920,1080,1.7777777777777777,4
train,frame_00035670,images/train/frame_00035670.jpg,1920,1080,1.7777777777777777,1
train,frame_00035861,images/train/frame_00035861.jpg,1920,1080,1.7777777777777777,1
train,frame_00036298,images/train/frame_00036298.jpg,1280,720,1.7777777777777777,1
train,frame_00036348,images/train/frame_00036348.jpg,1920,1072,1.791044776119403,2
train,frame_00036385,images/train/frame_00036385.jpg,1280,720,1.7777777777777777,2
train,frame_00036586,images/train/frame_00036586.jpg,848,382,2.2198952879581153,1
train,frame_00036678,images/train/frame_00036678.jpg,1280,720,1.7777777777777777,1
train,frame_00036777,images/train/frame_00036777.jpg,1280,720,1.7777777777777777,1
train,frame_00037089,images/train/frame_00037089.jpg,464,848,0.5471698113207547,1
train,frame_00037651,images/train/frame_00037651.jpg,1280,720,1.7777777777777777,3
train,frame_00037714,images/train/frame_00037714.jpg,1920,1072,1.791044776119403,1
train,frame_00037742,images/train/frame_00037742.jpg,1920,1080,1.7777777777777777,1
train,frame_00037748,images/train/frame_00037748.jpg,1920,1080,1.7777777777777777,11
train,frame_00037824,images/train/frame_00037824.jpg,848,476,1.781512605042017,1
train,frame_00038178,images/train/frame_00038178.jpg,848,462,1.8354978354978355,2
train,frame_00038384,images/train/frame_00038384.jpg,1280,720,1.7777777777777777,1
train,frame_00038392,images/train/frame_00038392.jpg,1280,720,1.7777777777777777,2
train,frame_00038447,images/train/frame_00038447.jpg,848,672,1.2619047619047619,1
train,frame_00038664,images/train/frame_00038664.jpg,1920,1080,1.7777777777777777,2
train,frame_00038905,images/train/frame_00038905.jpg,1280,720,1.7777777777777777,1
train,frame_00038953,images/train/frame_00038953.jpg,1280,720,1.7777777777777777,1
train,frame_00038983,images/train/frame_00038983.jpg,1280,720,1.7777777777777777,5
train,frame_00039030,images/train/frame_00039030.jpg,1280,720,1.7777777777777777,1
train,frame_00039217,images/train/frame_00039217.jpg,784,840,0.9333333333333333,1
train,frame_00039334,images/train/frame_00039334.jpg,1280,720,1.7777777777777777,1
train,frame_00039479,images/train/frame_00039479.jpg,1280,720,1.7777777777777777,1
train,frame_00039488,images/train/frame_00039488.jpg,1280,720,1.7777777777777777,2
train,frame_00039586,images/train/frame_00039586.jpg,1280,720,1.7777777777777777,1
train,frame_00039697,images/train/frame_00039697.jpg,640,368,1.7391304347826086,1
train,frame_00039823,images/train/frame_00039823.jpg,352,624,0.5641025641025641,1
train,frame_00040208,images/train/frame_00040208.jpg,1280,720,1.7777777777777777,3
train,frame_00040718,images/train/frame_00040718.jpg,848,480,1.7666666666666666,1
train,frame_00041135,images/train/frame_00041135.jpg,1280,720,1.7777777777777777,2
train,frame_00041309,images/train/frame_00041309.jpg,640,518,1.2355212355212355,1
train,frame_00041427,images/train/frame_00041427.jpg,1920,1072,1.791044776119403,1
train,frame_00041622,images/train/frame_00041622.jpg,1280,720,1.7777777777777777,1
train,frame_00041656,images/train/frame_00041656.jpg,1280,720,1.7777777777777777,1
train,frame_00041762,images/train/frame_00041762.jpg,1280,720,1.7777777777777777,1
train,frame_00041838,images/train/frame_00041838.jpg,1280,688,1.8604651162790697,2
train,frame_00041907,images/train/frame_00041907.jpg,1280,720,1.7777777777777777,3
train,frame_00041917,images/train/frame_00041917.jpg,1280,720,1.7777777777777777,2
train,frame_00042025,images/train/frame_00042025.jpg,1280,720,1.7777777777777777,1
train,frame_00042349,images/train/frame_00042349.jpg,1280,720,1.7777777777777777,1
train,frame_00042611,images/train/frame_00042611.jpg,1280,720,1.7777777777777777,3
train,frame_00043047,images/train/frame_00043047.jpg,1920,1080,1.7777777777777777,3
train,frame_00043368,images/train/frame_00043368.jpg,1920,1072,1.791044776119403,1
train,frame_00043377,images/train/frame_00043377.jpg,1920,1072,1.791044776119403,1
train,frame_00043648,images/train/frame_00043648.jpg,672,848,0.7924528301886793,1
train,frame_00043774,images/train/frame_00043774.jpg,1280,960,1.3333333333333333,1
train,frame_00043867,images/train/frame_00043867.jpg,1280,724,1.7679558011049723,1
train,frame_00043948,images/train/frame_00043948.jpg,1920,1072,1.791044776119403,1
train,frame_00044038,images/train/frame_00044038.jpg,1280,720,1.7777777777777777,1
train,frame_00044171,images/train/frame_00044171.jpg,848,474,1.7890295358649788,1
train,frame_00044182,images/train/frame_00044182.jpg,848,474,1.7890295358649788,4
train,frame_00044313,images/train/frame_00044313.jpg,1920,1080,1.7777777777777777,1
train,frame_00044617,images/train/frame_00044617.jpg,1920,1080,1.7777777777777777,1
train,frame_00044762,images/train/frame_00044762.jpg,1920,1080,1.7777777777777777,1
train,frame_00044966,images/train/frame_00044966.jpg,640,640,1.0,1
train,frame_00044976,images/train/frame_00044976.jpg,640,640,1.0,1
train,frame_00045179,images/train/frame_00045179.jpg,848,476,1.781512605042017,1
train,frame_00045489,images/train/frame_00045489.jpg,1280,700,1.8285714285714285,1
train,frame_00045520,images/train/frame_00045520.jpg,1280,700,1.8285714285714285,1
train,frame_00045742,images/train/frame_00045742.jpg,1280,720,1.7777777777777777,1
train,frame_00045916,images/train/frame_00045916.jpg,848,848,1.0,2
train,frame_00046557,images/train/frame_00046557.jpg,1920,1072,1.791044776119403,1
train,frame_00046594,images/train/frame_00046594.jpg,1280,720,1.7777777777777777,1
train,frame_00046891,images/train/frame_00046891.jpg,1280,720,1.7777777777777777,1
train,frame_00047012,images/train/frame_00047012.jpg,1280,720,1.7777777777777777,6
train,frame_00047089,images/train/frame_00047089.jpg,1280,720,1.7777777777777777,1
train,frame_00047659,images/train/frame_00047659.jpg,1280,720,1.7777777777777777,1
train,frame_00047710,images/train/frame_00047710.jpg,1920,1072,1.791044776119403,4
train,frame_00048008,images/train/frame_00048008.jpg,1920,1080,1.7777777777777777,1
train,frame_00048351,images/train/frame_00048351.jpg,1280,720,1.7777777777777777,1
train,frame_00048790,images/train/frame_00048790.jpg,464,848,0.5471698113207547,1
train,frame_00048877,images/train/frame_00048877.jpg,1280,720,1.7777777777777777,1
train,frame_00049059,images/train/frame_00049059.jpg,1280,720,1.7777777777777777,1
train,frame_00049234,images/train/frame_00049234.jpg,848,462,1.8354978354978355,2
train,frame_00049410,images/train/frame_00049410.jpg,1920,1072,1.791044776119403,1
train,frame_00049494,images/train/frame_00049494.jpg,848,636,1.3333333333333333,1
train,frame_00049630,images/train/frame_00049630.jpg,1920,1072,1.791044776119403,2
train,frame_00049632,images/train/frame_00049632.jpg,1920,1072,1.791044776119403,1
train,frame_00049696,images/train/frame_00049696.jpg,1280,688,1.8604651162790697,1
train,frame_00050175,images/train/frame_00050175.jpg,1280,720,1.7777777777777777,1
train,frame_00050368,images/train/frame_00050368.jpg,1920,1072,1.791044776119403,1
train,frame_00050510,images/train/frame_00050510.jpg,1920,1072,1.791044776119403,1
train,frame_00050527,images/train/frame_00050527.jpg,1920,1072,1.791044776119403,1
train,frame_00050560,images/train/frame_00050560.jpg,1920,1072,1.791044776119403,1
train,frame_00050685,images/train/frame_00050685.jpg,1280,720,1.7777777777777777,1
train,frame_00050753,images/train/frame_00050753.jpg,848,448,1.8928571428571428,1
train,frame_00051025,images/train/frame_00051025.jpg,1280,720,1.7777777777777777,1
train,frame_00051621,images/train/frame_00051621.jpg,1920,1080,1.7777777777777777,1
train,frame_00051653,images/train/frame_00051653.jpg,368,640,0.575,1
train,frame_00051794,images/train/frame_00051794.jpg,848,462,1.8354978354978355,4
train,frame_00051954,images/train/frame_00051954.jpg,640,548,1.167883211678832,1
train,frame_00051992,images/train/frame_00051992.jpg,1280,720,1.7777777777777777,1
train,frame_00052829,images/train/frame_00052829.jpg,1280,720,1.7777777777777777,1
train,frame_00052861,images/train/frame_00052861.jpg,1920,1072,1.791044776119403,1
train,frame_00052947,images/train/frame_00052947.jpg,1280,720,1.7777777777777777,1
train,frame_00053038,images/train/frame_00053038.jpg,1280,720,1.7777777777777777,1
train,frame_00053052,images/train/frame_00053052.jpg,848,446,1.9013452914798206,1
train,frame_00053075,images/train/frame_00053075.jpg,1280,720,1.7777777777777777,1
train,frame_00053200,images/train/frame_00053200.jpg,1280,720,1.7777777777777777,2
train,frame_00053267,images/train/frame_00053267.jpg,1280,720,1.7777777777777777,1
train,frame_00053662,images/train/frame_00053662.jpg,464,824,0.5631067961165048,1
train,frame_00053933,images/train/frame_00053933.jpg,1920,1072,1.791044776119403,1
train,frame_00053949,images/train/frame_00053949.jpg,1920,1072,1.791044776119403,1
train,frame_00054315,images/train/frame_00054315.jpg,1920,1072,1.791044776119403,1
train,frame_00054440,images/train/frame_00054440.jpg,1920,1072,1.791044776119403,8
train,frame_00055733,images/train/frame_00055733.jpg,1920,880,2.1818181818181817,1
train,frame_00055749,images/train/frame_00055749.jpg,1920,880,2.1818181818181817,1
train,frame_00056016,images/train/frame_00056016.jpg,1920,1072,1.791044776119403,1
train,frame_00056132,images/train/frame_00056132.jpg,1280,720,1.7777777777777777,1
train,frame_00056506,images/train/frame_00056506.jpg,1280,720,1.7777777777777777,4
train,frame_00056548,images/train/frame_00056548.jpg,1920,1080,1.7777777777777777,4
train,frame_00056710,images/train/frame_00056710.jpg,1920,1080,1.7777777777777777,1
train,frame_00057009,images/train/frame_00057009.jpg,848,476,1.781512605042017,1
train,frame_00057109,images/train/frame_00057109.jpg,640,384,1.6666666666666667,1
train,frame_00057173,images/train/frame_00057173.jpg,848,634,1.337539432176656,1
train,frame_00057576,images/train/frame_00057576.jpg,1280,720,1.7777777777777777,1
train,frame_00057706,images/train/frame_00057706.jpg,1280,720,1.7777777777777777,2
train,frame_00057889,images/train/frame_00057889.jpg,704,1280,0.55,1
train,frame_00057919,images/train/frame_00057919.jpg,1280,720,1.7777777777777777,2
train,frame_00058101,images/train/frame_00058101.jpg,1280,720,1.7777777777777777,1
train,frame_00058224,images/train/frame_00058224.jpg,1280,720,1.7777777777777777,2
train,frame_00058290,images/train/frame_00058290.jpg,1280,720,1.7777777777777777,3
train,frame_00058389,images/train/frame_00058389.jpg,1280,720,1.7777777777777777,3
train,frame_00058553,images/train/frame_00058553.jpg,848,480,1.7666666666666666,2
train,frame_00058774,images/train/frame_00058774.jpg,1280,720,1.7777777777777777,1
train,frame_00059306,images/train/frame_00059306.jpg,448,822,0.5450121654501217,1
train,frame_00059494,images/train/frame_00059494.jpg,1280,720,1.7777777777777777,1
train,frame_00059509,images/train/frame_00059509.jpg,1280,720,1.7777777777777777,1
train,frame_00059525,images/train/frame_00059525.jpg,1280,720,1.7777777777777777,1
train,frame_00059530,images/train/frame_00059530.jpg,1280,720,1.7777777777777777,1
train,frame_00059579,images/train/frame_00059579.jpg,1280,720,1.7777777777777777,1
train,frame_00059614,images/train/frame_00059614.jpg,1280,720,1.7777777777777777,8
train,frame_00059774,images/train/frame_00059774.jpg,1280,720,1.7777777777777777,1
train,frame_00059827,images/train/frame_00059827.jpg,848,464,1.8275862068965518,1
train,frame_00060082,images/train/frame_00060082.jpg,720,1280,0.5625,1
train,frame_00060251,images/train/frame_00060251.jpg,1280,720,1.7777777777777777,1
train,frame_00060345,images/train/frame_00060345.jpg,1280,720,1.7777777777777777,1
train,frame_00060473,images/train/frame_00060473.jpg,640,374,1.7112299465240641,1
train,frame_00060704,images/train/frame_00060704.jpg,1280,720,1.7777777777777777,1
train,frame_00061155,images/train/frame_00061155.jpg,560,848,0.660377358490566,1
train,frame_00061372,images/train/frame_00061372.jpg,1280,720,1.7777777777777777,1
train,frame_00061476,images/train/frame_00061476.jpg,1280,720,1.7777777777777777,1
train,frame_00061608,images/train/frame_00061608.jpg,1024,1280,0.8,1
train,frame_00062025,images/train/frame_00062025.jpg,1920,1080,1.7777777777777777,1
train,frame_00062292,images/train/frame_00062292.jpg,720,1280,0.5625,2
train,frame_00062553,images/train/frame_00062553.jpg,1280,720,1.7777777777777777,1
train,frame_00062877,images/train/frame_00062877.jpg,720,1280,0.5625,1
train,frame_00063012,images/train/frame_00063012.jpg,848,368,2.3043478260869565,1
train,frame_00063077,images/train/frame_00063077.jpg,448,822,0.5450121654501217,1
train,frame_00063422,images/train/frame_00063422.jpg,1280,720,1.7777777777777777,1
train,frame_00063435,images/train/frame_00063435.jpg,1280,720,1.7777777777777777,1
train,frame_00063615,images/train/frame_00063615.jpg,1280,720,1.7777777777777777,1
train,frame_00063680,images/train/frame_00063680.jpg,1072,1904,0.5630252100840336,2
train,frame_00064084,images/train/frame_00064084.jpg,704,1280,0.55,1
train,frame_00064152,images/train/frame_00064152.jpg,720,1280,0.5625,1
train,frame_00064280,images/train/frame_00064280.jpg,848,480,1.7666666666666666,1
train,frame_00064516,images/train/frame_00064516.jpg,1280,720,1.7777777777777777,1
train,frame_00064561,images/train/frame_00064561.jpg,1280,720,1.7777777777777777,6
train,frame_00064564,images/train/frame_00064564.jpg,1280,720,1.7777777777777777,8
train,frame_00064624,images/train/frame_00064624.jpg,1280,720,1.7777777777777777,1
train,frame_00064813,images/train/frame_00064813.jpg,1280,720,1.7777777777777777,2
train,frame_00065054,images/train/frame_00065054.jpg,848,578,1.467128027681661,1
train,frame_00065073,images/train/frame_00065073.jpg,1280,720,1.7777777777777777,1
train,frame_00065128,images/train/frame_00065128.jpg,1280,720,1.7777777777777777,3
train,frame_00065135,images/train/frame_00065135.jpg,1280,720,1.7777777777777777,1
train,frame_00065202,images/train/frame_00065202.jpg,720,1280,0.5625,1
train,frame_00065356,images/train/frame_00065356.jpg,1280,720,1.7777777777777777,1
train,frame_00065370,images/train/frame_00065370.jpg,1280,720,1.7777777777777777,2
train,frame_00065451,images/train/frame_00065451.jpg,1280,720,1.7777777777777777,1
train,frame_00065459,images/train/frame_00065459.jpg,848,466,1.8197424892703862,1
train,frame_00065747,images/train/frame_00065747.jpg,848,464,1.8275862068965518,1
train,frame_00065789,images/train/frame_00065789.jpg,640,406,1.5763546798029557,3
train,frame_00065831,images/train/frame_00065831.jpg,464,848,0.5471698113207547,1
train,frame_00065994,images/train/frame_00065994.jpg,848,474,1.7890295358649788,1
train,frame_00066316,images/train/frame_00066316.jpg,1920,1080,1.7777777777777777,1
train,frame_00066386,images/train/frame_00066386.jpg,1920,1080,1.7777777777777777,1
train,frame_00066582,images/train/frame_00066582.jpg,1280,720,1.7777777777777777,1
train,frame_00067032,images/train/frame_00067032.jpg,848,476,1.781512605042017,2
train,frame_00067377,images/train/frame_00067377.jpg,848,636,1.3333333333333333,1
train,frame_00067459,images/train/frame_00067459.jpg,1280,1070,1.1962616822429906,1
train,frame_00067544,images/train/frame_00067544.jpg,1280,720,1.7777777777777777,1
train,frame_00067691,images/train/frame_00067691.jpg,560,848,0.660377358490566,1
train,frame_00067759,images/train/frame_00067759.jpg,720,1280,0.5625,1
train,frame_00067818,images/train/frame_00067818.jpg,624,832,0.75,1
train,frame_00067828,images/train/frame_00067828.jpg,1280,720,1.7777777777777777,2
train,frame_00067844,images/train/frame_00067844.jpg,1280,720,1.7777777777777777,1
train,frame_00068064,images/train/frame_00068064.jpg,720,900,0.8,1
train,frame_00068843,images/train/frame_00068843.jpg,1280,720,1.7777777777777777,1
train,frame_00069027,images/train/frame_00069027.jpg,3840,2160,1.7777777777777777,2
train,frame_00069245,images/train/frame_00069245.jpg,720,720,1.0,1
train,frame_00069268,images/train/frame_00069268.jpg,720,720,1.0,1
train,frame_00069272,images/train/frame_00069272.jpg,720,720,1.0,2
train,frame_00069362,images/train/frame_00069362.jpg,1280,720,1.7777777777777777,2
train,frame_00069896,images/train/frame_00069896.jpg,1280,720,1.7777777777777777,1
train,frame_00070979,images/train/frame_00070979.jpg,1280,720,1.7777777777777777,1
train,frame_00071008,images/train/frame_00071008.jpg,1280,720,1.7777777777777777,1
train,frame_00071124,images/train/frame_00071124.jpg,1280,720,1.7777777777777777,1
train,frame_00071404,images/train/frame_00071404.jpg,1280,720,1.7777777777777777,1
train,frame_00071736,images/train/frame_00071736.jpg,1920,1080,1.7777777777777777,2
train,frame_00071817,images/train/frame_00071817.jpg,1280,960,1.3333333333333333,2
train,frame_00071856,images/train/frame_00071856.jpg,1280,960,1.3333333333333333,1
train,frame_00071941,images/train/frame_00071941.jpg,1280,720,1.7777777777777777,1
train,frame_00072175,images/train/frame_00072175.jpg,1280,720,1.7777777777777777,1
train,frame_00072762,images/train/frame_00072762.jpg,1280,720,1.7777777777777777,1
train,frame_00072777,images/train/frame_00072777.jpg,1280,640,2.0,2
train,frame_00073388,images/train/frame_00073388.jpg,1280,720,1.7777777777777777,1
train,frame_00073500,images/train/frame_00073500.jpg,1280,720,1.7777777777777777,1
train,frame_00074579,images/train/frame_00074579.jpg,672,840,0.8,1
train,frame_00075000,images/train/frame_00075000.jpg,1280,720,1.7777777777777777,2
train,frame_00075142,images/train/frame_00075142.jpg,1280,960,1.3333333333333333,1
train,frame_00076373,images/train/frame_00076373.jpg,848,636,1.3333333333333333,1
train,frame_00076596,images/train/frame_00076596.jpg,1280,720,1.7777777777777777,1
train,frame_00076611,images/train/frame_00076611.jpg,1280,720,1.7777777777777777,1
train,frame_00076760,images/train/frame_00076760.jpg,640,640,1.0,1
train,frame_00076851,images/train/frame_00076851.jpg,1280,720,1.7777777777777777,1
train,frame_00077430,images/train/frame_00077430.jpg,848,476,1.781512605042017,1
train,frame_00077843,images/train/frame_00077843.jpg,848,476,1.781512605042017,2
train,frame_00077861,images/train/frame_00077861.jpg,848,476,1.781512605042017,1
train,frame_00077919,images/train/frame_00077919.jpg,848,476,1.781512605042017,1
train,frame_00078231,images/train/frame_00078231.jpg,1280,1024,1.25,3
train,frame_00078384,images/train/frame_00078384.jpg,1072,1920,0.5583333333333333,2
train,frame_00078400,images/train/frame_00078400.jpg,848,480,1.7666666666666666,1
train,frame_00078521,images/train/frame_00078521.jpg,1280,640,2.0,2
train,frame_00078781,images/train/frame_00078781.jpg,1280,720,1.7777777777777777,1
train,frame_00078852,images/train/frame_00078852.jpg,1280,720,1.7777777777777777,1
train,frame_00079098,images/train/frame_00079098.jpg,480,848,0.5660377358490566,1
train,frame_00079159,images/train/frame_00079159.jpg,1280,720,1.7777777777777777,1
train,frame_00079380,images/train/frame_00079380.jpg,848,514,1.649805447470817,2
train,frame_00079558,images/train/frame_00079558.jpg,1280,720,1.7777777777777777,1
train,frame_00079634,images/train/frame_00079634.jpg,1280,720,1.7777777777777777,1
train,frame_00080205,images/train/frame_00080205.jpg,1280,720,1.7777777777777777,1
train,frame_00080944,images/train/frame_00080944.jpg,1280,720,1.7777777777777777,2
train,frame_00080963,images/train/frame_00080963.jpg,1280,720,1.7777777777777777,1
train,frame_00080976,images/train/frame_00080976.jpg,1280,720,1.7777777777777777,3
train,frame_00081036,images/train/frame_00081036.jpg,448,822,0.5450121654501217,1
train,frame_00081044,images/train/frame_00081044.jpg,448,822,0.5450121654501217,1
train,frame_00081295,images/train/frame_00081295.jpg,1280,720,1.7777777777777777,3
train,frame_00081332,images/train/frame_00081332.jpg,1280,720,1.7777777777777777,1
train,frame_00081346,images/train/frame_00081346.jpg,1280,720,1.7777777777777777,2
train,frame_00081723,images/train/frame_00081723.jpg,720,1280,0.5625,2
train,frame_00081803,images/train/frame_00081803.jpg,1072,1920,0.5583333333333333,1
train,frame_00082377,images/train/frame_00082377.jpg,1280,560,2.2857142857142856,1
train,frame_00082541,images/train/frame_00082541.jpg,848,462,1.8354978354978355,1
train,frame_00082811,images/train/frame_00082811.jpg,1280,720,1.7777777777777777,1
train,frame_00083012,images/train/frame_00083012.jpg,1280,720,1.7777777777777777,1
train,frame_00083046,images/train/frame_00083046.jpg,1920,1080,1.7777777777777777,1
train,frame_00083104,images/train/frame_00083104.jpg,1920,1080,1.7777777777777777,4
train,frame_00083204,images/train/frame_00083204.jpg,1280,720,1.7777777777777777,1
train,frame_00083222,images/train/frame_00083222.jpg,1280,720,1.7777777777777777,1
train,frame_00084025,images/train/frame_00084025.jpg,848,464,1.8275862068965518,1
train,frame_00084508,images/train/frame_00084508.jpg,1280,720,1.7777777777777777,3
train,frame_00084908,images/train/frame_00084908.jpg,1920,1080,1.7777777777777777,1
train,frame_00084921,images/train/frame_00084921.jpg,1920,1080,1.7777777777777777,1
train,frame_00084922,images/train/frame_00084922.jpg,1920,1080,1.7777777777777777,1
train,frame_00084981,images/train/frame_00084981.jpg,832,472,1.7627118644067796,1
train,frame_00085253,images/train/frame_00085253.jpg,1280,706,1.8130311614730878,1
train,frame_00085852,images/train/frame_00085852.jpg,1280,720,1.7777777777777777,1
train,frame_00085935,images/train/frame_00085935.jpg,1280,720,1.7777777777777777,5
train,frame_00086040,images/train/frame_00086040.jpg,1280,720,1.7777777777777777,1
train,frame_00086981,images/train/frame_00086981.jpg,848,476,1.781512605042017,2
train,frame_00087070,images/train/frame_00087070.jpg,1280,720,1.7777777777777777,1
train,frame_00087414,images/train/frame_00087414.jpg,1920,1080,1.7777777777777777,1
train,frame_00087534,images/train/frame_00087534.jpg,1920,1080,1.7777777777777777,1
train,frame_00087699,images/train/frame_00087699.jpg,1920,1080,1.7777777777777777,1
train,frame_00087730,images/train/frame_00087730.jpg,1920,1080,1.7777777777777777,2
train,frame_00087915,images/train/frame_00087915.jpg,1280,720,1.7777777777777777,1
train,frame_00088621,images/train/frame_00088621.jpg,1280,720,1.7777777777777777,1
train,frame_00088631,images/train/frame_00088631.jpg,1280,720,1.7777777777777777,1
train,frame_00088763,images/train/frame_00088763.jpg,1280,720,1.7777777777777777,1
train,frame_00089079,images/train/frame_00089079.jpg,1280,720,1.7777777777777777,3
train,frame_00089176,images/train/frame_00089176.jpg,1280,720,1.7777777777777777,1
train,frame_00089405,images/train/frame_00089405.jpg,1280,720,1.7777777777777777,3
train,frame_00089558,images/train/frame_00089558.jpg,1280,720,1.7777777777777777,3
train,frame_00089598,images/train/frame_00089598.jpg,1280,720,1.7777777777777777,2
train,frame_00089818,images/train/frame_00089818.jpg,1280,720,1.7777777777777777,2
train,frame_00090392,images/train/frame_00090392.jpg,1280,720,1.7777777777777777,2
train,frame_00090487,images/train/frame_00090487.jpg,1280,720,1.7777777777777777,1
train,frame_00090721,images/train/frame_00090721.jpg,1280,720,1.7777777777777777,1
train,frame_00090861,images/train/frame_00090861.jpg,1280,720,1.7777777777777777,3
train,frame_00091198,images/train/frame_00091198.jpg,1280,720,1.7777777777777777,6
train,frame_00091293,images/train/frame_00091293.jpg,1280,720,1.7777777777777777,1
train,frame_00091610,images/train/frame_00091610.jpg,1280,720,1.7777777777777777,1
train,frame_00091631,images/train/frame_00091631.jpg,1280,720,1.7777777777777777,4
train,frame_00091746,images/train/frame_00091746.jpg,1280,1024,1.25,1
train,frame_00091996,images/train/frame_00091996.jpg,848,480,1.7666666666666666,3
train,frame_00092762,images/train/frame_00092762.jpg,1280,720,1.7777777777777777,3
train,frame_00092817,images/train/frame_00092817.jpg,448,822,0.5450121654501217,2
train,frame_00092875,images/train/frame_00092875.jpg,1280,720,1.7777777777777777,1
train,frame_00093530,images/train/frame_00093530.jpg,1920,1080,1.7777777777777777,1
train,frame_00094027,images/train/frame_00094027.jpg,1920,1080,1.7777777777777777,1
train,frame_00094037,images/train/frame_00094037.jpg,1920,1080,1.7777777777777777,1
train,frame_00094580,images/train/frame_00094580.jpg,1920,1080,1.7777777777777777,1
train,frame_00095105,images/train/frame_00095105.jpg,1280,720,1.7777777777777777,1
train,frame_00095164,images/train/frame_00095164.jpg,1280,720,1.7777777777777777,1
train,frame_00095245,images/train/frame_00095245.jpg,848,564,1.50354609929078,2
train,frame_00095481,images/train/frame_00095481.jpg,1280,700,1.8285714285714285,1
train,frame_00095873,images/train/frame_00095873.jpg,1280,720,1.7777777777777777,1
train,frame_00095874,images/train/frame_00095874.jpg,1280,720,1.7777777777777777,1
train,frame_00096113,images/train/frame_00096113.jpg,1280,704,1.8181818181818181,2
train,frame_00096128,images/train/frame_00096128.jpg,480,848,0.5660377358490566,1
train,frame_00096388,images/train/frame_00096388.jpg,1280,720,1.7777777777777777,1
train,frame_00096483,images/train/frame_00096483.jpg,1280,720,1.7777777777777777,1
train,frame_00096734,images/train/frame_00096734.jpg,1280,720,1.7777777777777777,1
train,frame_00097036,images/train/frame_00097036.jpg,1280,720,1.7777777777777777,3
train,frame_00097141,images/train/frame_00097141.jpg,1280,720,1.7777777777777777,1
train,frame_00097176,images/train/frame_00097176.jpg,1280,720,1.7777777777777777,1
train,frame_00097245,images/train/frame_00097245.jpg,1280,720,1.7777777777777777,1
train,frame_00097444,images/train/frame_00097444.jpg,1280,720,1.7777777777777777,2
train,frame_00097592,images/train/frame_00097592.jpg,1280,720,1.7777777777777777,2
train,frame_00097664,images/train/frame_00097664.jpg,1280,720,1.7777777777777777,1
train,frame_00097780,images/train/frame_00097780.jpg,1280,720,1.7777777777777777,1
train,frame_00098029,images/train/frame_00098029.jpg,1280,718,1.7827298050139275,1
train,frame_00098420,images/train/frame_00098420.jpg,1280,720,1.7777777777777777,1
train,frame_00098466,images/train/frame_00098466.jpg,1280,720,1.7777777777777777,2
train,frame_00098537,images/train/frame_00098537.jpg,848,480,1.7666666666666666,1
train,frame_00098597,images/train/frame_00098597.jpg,448,822,0.5450121654501217,1
train,frame_00098599,images/train/frame_00098599.jpg,448,822,0.5450121654501217,1
train,frame_00098657,images/train/frame_00098657.jpg,848,480,1.7666666666666666,1
train,frame_00098830,images/train/frame_00098830.jpg,1280,720,1.7777777777777777,1
train,frame_00099532,images/train/frame_00099532.jpg,1280,720,1.7777777777777777,1
train,frame_00100061,images/train/frame_00100061.jpg,720,1280,0.5625,1
train,frame_00100152,images/train/frame_00100152.jpg,720,1280,0.5625,1
train,frame_00100350,images/train/frame_00100350.jpg,1920,1080,1.7777777777777777,10
train,frame_00100403,images/train/frame_00100403.jpg,848,478,1.7740585774058577,1
train,frame_00100459,images/train/frame_00100459.jpg,848,478,1.7740585774058577,2
train,frame_00100559,images/train/frame_00100559.jpg,1920,1080,1.7777777777777777,2
train,frame_00100631,images/train/frame_00100631.jpg,1920,1080,1.7777777777777777,1
train,frame_00100749,images/train/frame_00100749.jpg,1920,1080,1.7777777777777777,1
train,frame_00100889,images/train/frame_00100889.jpg,1920,1080,1.7777777777777777,2
train,frame_00100936,images/train/frame_00100936.jpg,1920,1080,1.7777777777777777,2
train,frame_00101009,images/train/frame_00101009.jpg,1920,1080,1.7777777777777777,1
train,frame_00101098,images/train/frame_00101098.jpg,1920,1080,1.7777777777777777,2
train,frame_00101176,images/train/frame_00101176.jpg,1920,1080,1.7777777777777777,1
train,frame_00101243,images/train/frame_00101243.jpg,1920,1080,1.7777777777777777,1
train,frame_00101300,images/train/frame_00101300.jpg,464,824,0.5631067961165048,1
train,frame_00101358,images/train/frame_00101358.jpg,464,824,0.5631067961165048,1
train,frame_00101705,images/train/frame_00101705.jpg,1280,720,1.7777777777777777,1
train,frame_00102093,images/train/frame_00102093.jpg,1280,720,1.7777777777777777,2
train,frame_00102300,images/train/frame_00102300.jpg,848,462,1.8354978354978355,1
train,frame_00103240,images/train/frame_00103240.jpg,1280,720,1.7777777777777777,1
train,frame_00103261,images/train/frame_00103261.jpg,1280,720,1.7777777777777777,1
train,frame_00103267,images/train/frame_00103267.jpg,1280,720,1.7777777777777777,1
train,frame_00103326,images/train/frame_00103326.jpg,1280,720,1.7777777777777777,1
train,frame_00103627,images/train/frame_00103627.jpg,336,640,0.525,2
train,frame_00103787,images/train/frame_00103787.jpg,1280,640,2.0,1
train,frame_00103822,images/train/frame_00103822.jpg,1280,720,1.7777777777777777,1
train,frame_00104238,images/train/frame_00104238.jpg,464,848,0.5471698113207547,1
train,frame_00104476,images/train/frame_00104476.jpg,1280,720,1.7777777777777777,2
train,frame_00104756,images/train/frame_00104756.jpg,1280,704,1.8181818181818181,1
train,frame_00104835,images/train/frame_00104835.jpg,1920,1080,1.7777777777777777,1
train,frame_00105017,images/train/frame_00105017.jpg,1280,720,1.7777777777777777,1
train,frame_00105038,images/train/frame_00105038.jpg,1280,720,1.7777777777777777,2
train,frame_00105124,images/train/frame_00105124.jpg,1280,720,1.7777777777777777,1
train,frame_00105433,images/train/frame_00105433.jpg,1280,720,1.7777777777777777,1
train,frame_00105705,images/train/frame_00105705.jpg,1920,1080,1.7777777777777777,1
train,frame_00105862,images/train/frame_00105862.jpg,1280,720,1.7777777777777777,1
train,frame_00105881,images/train/frame_00105881.jpg,1280,720,1.7777777777777777,1
train,frame_00106170,images/train/frame_00106170.jpg,1280,720,1.7777777777777777,1
train,frame_00106409,images/train/frame_00106409.jpg,1280,720,1.7777777777777777,1
train,frame_00106513,images/train/frame_00106513.jpg,1280,720,1.7777777777777777,1
train,frame_00106560,images/train/frame_00106560.jpg,1280,720,1.7777777777777777,1
train,frame_00106723,images/train/frame_00106723.jpg,1280,720,1.7777777777777777,1
train,frame_00106770,images/train/frame_00106770.jpg,848,474,1.7890295358649788,4
train,frame_00107106,images/train/frame_00107106.jpg,1280,720,1.7777777777777777,1
train,frame_00107182,images/train/frame_00107182.jpg,1280,720,1.7777777777777777,2
train,frame_00107362,images/train/frame_00107362.jpg,1280,720,1.7777777777777777,1
train,frame_00107458,images/train/frame_00107458.jpg,1280,960,1.3333333333333333,1
train,frame_00107754,images/train/frame_00107754.jpg,1920,1080,1.7777777777777777,2
train,frame_00107818,images/train/frame_00107818.jpg,1920,1080,1.7777777777777777,1
train,frame_00108044,images/train/frame_00108044.jpg,1920,1080,1.7777777777777777,3
train,frame_00108066,images/train/frame_00108066.jpg,1920,1080,1.7777777777777777,1
train,frame_00108627,images/train/frame_00108627.jpg,848,476,1.781512605042017,1
train,frame_00108765,images/train/frame_00108765.jpg,1280,720,1.7777777777777777,2
train,frame_00109071,images/train/frame_00109071.jpg,1280,720,1.7777777777777777,1
train,frame_00109363,images/train/frame_00109363.jpg,1280,720,1.7777777777777777,2
train,frame_00109949,images/train/frame_00109949.jpg,848,476,1.781512605042017,3
train,frame_00110150,images/train/frame_00110150.jpg,1280,720,1.7777777777777777,1
train,frame_00110413,images/train/frame_00110413.jpg,1280,720,1.7777777777777777,3
train,frame_00110703,images/train/frame_00110703.jpg,1280,720,1.7777777777777777,1
train,frame_00110873,images/train/frame_00110873.jpg,1280,720,1.7777777777777777,1
train,frame_00111046,images/train/frame_00111046.jpg,1280,720,1.7777777777777777,1
train,frame_00111142,images/train/frame_00111142.jpg,1280,720,1.7777777777777777,1
train,frame_00111627,images/train/frame_00111627.jpg,848,480,1.7666666666666666,1
train,frame_00111737,images/train/frame_00111737.jpg,1280,720,1.7777777777777777,1
train,frame_00111917,images/train/frame_00111917.jpg,1280,720,1.7777777777777777,3
train,frame_00112169,images/train/frame_00112169.jpg,1280,720,1.7777777777777777,2
train,frame_00112230,images/train/frame_00112230.jpg,1280,720,1.7777777777777777,4
train,frame_00112260,images/train/frame_00112260.jpg,1280,720,1.7777777777777777,3
train,frame_00112560,images/train/frame_00112560.jpg,1280,720,1.7777777777777777,1
train,frame_00112593,images/train/frame_00112593.jpg,1280,720,1.7777777777777777,1
train,frame_00112950,images/train/frame_00112950.jpg,1280,720,1.7777777777777777,2
train,frame_00112967,images/train/frame_00112967.jpg,1280,720,1.7777777777777777,1
train,frame_00113026,images/train/frame_00113026.jpg,1280,720,1.7777777777777777,2
train,frame_00113090,images/train/frame_00113090.jpg,1280,720,1.7777777777777777,1
train,frame_00113219,images/train/frame_00113219.jpg,1280,720,1.7777777777777777,1
train,frame_00113264,images/train/frame_00113264.jpg,1280,720,1.7777777777777777,1
train,frame_00113305,images/train/frame_00113305.jpg,1280,720,1.7777777777777777,1
train,frame_00113306,images/train/frame_00113306.jpg,1280,720,1.7777777777777777,3
train,frame_00113353,images/train/frame_00113353.jpg,1280,720,1.7777777777777777,1
train,frame_00113583,images/train/frame_00113583.jpg,1280,720,1.7777777777777777,1
train,frame_00113872,images/train/frame_00113872.jpg,1280,720,1.7777777777777777,2
train,frame_00113881,images/train/frame_00113881.jpg,1280,720,1.7777777777777777,2
train,frame_00114240,images/train/frame_00114240.jpg,464,848,0.5471698113207547,1
train,frame_00114447,images/train/frame_00114447.jpg,1280,720,1.7777777777777777,2
train,frame_00114758,images/train/frame_00114758.jpg,1920,1080,1.7777777777777777,1
train,frame_00114823,images/train/frame_00114823.jpg,1920,1080,1.7777777777777777,2
train,frame_00114838,images/train/frame_00114838.jpg,1920,1080,1.7777777777777777,1
train,frame_00114977,images/train/frame_00114977.jpg,1920,1080,1.7777777777777777,1
train,frame_00115125,images/train/frame_00115125.jpg,1920,1080,1.7777777777777777,1
train,frame_00115248,images/train/frame_00115248.jpg,1920,1080,1.7777777777777777,1
train,frame_00115781,images/train/frame_00115781.jpg,1280,720,1.7777777777777777,1
train,frame_00115798,images/train/frame_00115798.jpg,1280,720,1.7777777777777777,1
train,frame_00116104,images/train/frame_00116104.jpg,1280,720,1.7777777777777777,1
train,frame_00116361,images/train/frame_00116361.jpg,1280,720,1.7777777777777777,1
train,frame_00116784,images/train/frame_00116784.jpg,1280,720,1.7777777777777777,1
train,frame_00117959,images/train/frame_00117959.jpg,1280,720,1.7777777777777777,1
train,frame_00118051,images/train/frame_00118051.jpg,1280,720,1.7777777777777777,1
train,frame_00118329,images/train/frame_00118329.jpg,1280,720,1.7777777777777777,1
train,frame_00118405,images/train/frame_00118405.jpg,1280,720,1.7777777777777777,1
train,frame_00118496,images/train/frame_00118496.jpg,1280,720,1.7777777777777777,3
train,frame_00118872,images/train/frame_00118872.jpg,1280,700,1.8285714285714285,1
train,frame_00119054,images/train/frame_00119054.jpg,1280,720,1.7777777777777777,2
train,frame_00119175,images/train/frame_00119175.jpg,1280,720,1.7777777777777777,1
train,frame_00119721,images/train/frame_00119721.jpg,640,640,1.0,1
train,frame_00119821,images/train/frame_00119821.jpg,1280,720,1.7777777777777777,1
train,frame_00119881,images/train/frame_00119881.jpg,1280,720,1.7777777777777777,1
train,frame_00119901,images/train/frame_00119901.jpg,1280,720,1.7777777777777777,2
train,frame_00119967,images/train/frame_00119967.jpg,1280,720,1.7777777777777777,1
train,frame_00120191,images/train/frame_00120191.jpg,1280,720,1.7777777777777777,1
train,frame_00120220,images/train/frame_00120220.jpg,1280,720,1.7777777777777777,2
train,frame_00120491,images/train/frame_00120491.jpg,1280,720,1.7777777777777777,1
train,frame_00120501,images/train/frame_00120501.jpg,1008,1264,0.7974683544303798,1
train,frame_00120635,images/train/frame_00120635.jpg,1280,720,1.7777777777777777,1
train,frame_00120674,images/train/frame_00120674.jpg,1280,720,1.7777777777777777,1
train,frame_00120717,images/train/frame_00120717.jpg,1280,720,1.7777777777777777,2
train,frame_00121188,images/train/frame_00121188.jpg,1280,720,1.7777777777777777,1
train,frame_00121838,images/train/frame_00121838.jpg,848,480,1.7666666666666666,1
train,frame_00121887,images/train/frame_00121887.jpg,848,480,1.7666666666666666,2
train,frame_00122143,images/train/frame_00122143.jpg,1280,720,1.7777777777777777,1
train,frame_00122527,images/train/frame_00122527.jpg,1280,720,1.7777777777777777,1
train,frame_00122856,images/train/frame_00122856.jpg,1280,720,1.7777777777777777,1
train,frame_00123195,images/train/frame_00123195.jpg,1280,720,1.7777777777777777,1
train,frame_00123206,images/train/frame_00123206.jpg,1280,720,1.7777777777777777,2
train,frame_00123808,images/train/frame_00123808.jpg,1280,720,1.7777777777777777,1
train,frame_00124300,images/train/frame_00124300.jpg,1280,720,1.7777777777777777,1
train,frame_00124660,images/train/frame_00124660.jpg,1280,720,1.7777777777777777,1
train,frame_00125279,images/train/frame_00125279.jpg,1920,1080,1.7777777777777777,2
train,frame_00126207,images/train/frame_00126207.jpg,1280,720,1.7777777777777777,1
train,frame_00126217,images/train/frame_00126217.jpg,1280,720,1.7777777777777777,7
train,frame_00126973,images/train/frame_00126973.jpg,1280,720,1.7777777777777777,1
train,frame_00127223,images/train/frame_00127223.jpg,1280,720,1.7777777777777777,3
train,frame_00127516,images/train/frame_00127516.jpg,1280,720,1.7777777777777777,3
train,frame_00127601,images/train/frame_00127601.jpg,1280,720,1.7777777777777777,3
train,frame_00127603,images/train/frame_00127603.jpg,1280,720,1.7777777777777777,3
train,frame_00127604,images/train/frame_00127604.jpg,1280,720,1.7777777777777777,1
train,frame_00128025,images/train/frame_00128025.jpg,1280,720,1.7777777777777777,1
train,frame_00128327,images/train/frame_00128327.jpg,1280,720,1.7777777777777777,1
train,frame_00128701,images/train/frame_00128701.jpg,1280,720,1.7777777777777777,1
train,frame_00128737,images/train/frame_00128737.jpg,1280,720,1.7777777777777777,1
train,frame_00128929,images/train/frame_00128929.jpg,1280,720,1.7777777777777777,1
train,frame_00129532,images/train/frame_00129532.jpg,1280,720,1.7777777777777777,1
train,frame_00129939,images/train/frame_00129939.jpg,848,478,1.7740585774058577,2
train,frame_00130315,images/train/frame_00130315.jpg,1280,720,1.7777777777777777,1
train,frame_00130375,images/train/frame_00130375.jpg,1280,720,1.7777777777777777,2
train,frame_00130636,images/train/frame_00130636.jpg,1280,720,1.7777777777777777,2
train,frame_00131062,images/train/frame_00131062.jpg,720,1280,0.5625,2
train,frame_00131171,images/train/frame_00131171.jpg,1280,720,1.7777777777777777,1
train,frame_00131224,images/train/frame_00131224.jpg,1280,720,1.7777777777777777,1
train,frame_00132314,images/train/frame_00132314.jpg,1280,720,1.7777777777777777,1
train,frame_00132343,images/train/frame_00132343.jpg,1280,720,1.7777777777777777,1
train,frame_00132396,images/train/frame_00132396.jpg,1280,720,1.7777777777777777,5
train,frame_00132492,images/train/frame_00132492.jpg,1280,720,1.7777777777777777,1
train,frame_00132844,images/train/frame_00132844.jpg,1280,720,1.7777777777777777,1
train,frame_00133158,images/train/frame_00133158.jpg,1280,720,1.7777777777777777,1
train,frame_00133527,images/train/frame_00133527.jpg,1920,1080,1.7777777777777777,4
train,frame_00133565,images/train/frame_00133565.jpg,1920,1080,1.7777777777777777,1
train,frame_00134013,images/train/frame_00134013.jpg,1280,720,1.7777777777777777,1
train,frame_00134509,images/train/frame_00134509.jpg,1280,720,1.7777777777777777,1
train,frame_00134862,images/train/frame_00134862.jpg,1280,720,1.7777777777777777,1
train,frame_00135021,images/train/frame_00135021.jpg,1280,720,1.7777777777777777,1
train,frame_00135145,images/train/frame_00135145.jpg,848,352,2.409090909090909,1
train,frame_00135472,images/train/frame_00135472.jpg,848,452,1.8761061946902655,2
train,frame_00135473,images/train/frame_00135473.jpg,848,452,1.8761061946902655,2
train,frame_00135644,images/train/frame_00135644.jpg,848,476,1.781512605042017,2
train,frame_00135705,images/train/frame_00135705.jpg,848,476,1.781512605042017,2
train,frame_00135980,images/train/frame_00135980.jpg,1920,1080,1.7777777777777777,1
train,frame_00136216,images/train/frame_00136216.jpg,1280,720,1.7777777777777777,1
train,frame_00136254,images/train/frame_00136254.jpg,1280,720,1.7777777777777777,2
train,frame_00136267,images/train/frame_00136267.jpg,1280,720,1.7777777777777777,1
train,frame_00136286,images/train/frame_00136286.jpg,1280,720,1.7777777777777777,3
train,frame_00136632,images/train/frame_00136632.jpg,1280,720,1.7777777777777777,3
train,frame_00136695,images/train/frame_00136695.jpg,1280,720,1.7777777777777777,1
train,frame_00136921,images/train/frame_00136921.jpg,1280,720,1.7777777777777777,1
train,frame_00137347,images/train/frame_00137347.jpg,720,1280,0.5625,1
train,frame_00137542,images/train/frame_00137542.jpg,1280,672,1.9047619047619047,1
train,frame_00137588,images/train/frame_00137588.jpg,1280,672,1.9047619047619047,1
train,frame_00137945,images/train/frame_00137945.jpg,1280,672,1.9047619047619047,1
train,frame_00137964,images/train/frame_00137964.jpg,720,1280,0.5625,1
train,frame_00138410,images/train/frame_00138410.jpg,848,508,1.669291338582677,1
train,frame_00138707,images/train/frame_00138707.jpg,1280,720,1.7777777777777777,1
train,frame_00138720,images/train/frame_00138720.jpg,1280,720,1.7777777777777777,1
train,frame_00138798,images/train/frame_00138798.jpg,1280,720,1.7777777777777777,1
train,frame_00138823,images/train/frame_00138823.jpg,1920,1080,1.7777777777777777,1
train,frame_00138933,images/train/frame_00138933.jpg,1920,1080,1.7777777777777777,2
train,frame_00139006,images/train/frame_00139006.jpg,1920,1080,1.7777777777777777,1
train,frame_00139013,images/train/frame_00139013.jpg,1920,1080,1.7777777777777777,1
train,frame_00139641,images/train/frame_00139641.jpg,1280,720,1.7777777777777777,3
train,frame_00139675,images/train/frame_00139675.jpg,1280,720,1.7777777777777777,1
train,frame_00139773,images/train/frame_00139773.jpg,848,848,1.0,2
train,frame_00139954,images/train/frame_00139954.jpg,1280,720,1.7777777777777777,2
train,frame_00140092,images/train/frame_00140092.jpg,1920,1080,1.7777777777777777,2
train,frame_00140302,images/train/frame_00140302.jpg,848,476,1.781512605042017,1
train,frame_00140368,images/train/frame_00140368.jpg,848,476,1.781512605042017,1
train,frame_00140400,images/train/frame_00140400.jpg,848,476,1.781512605042017,1
train,frame_00140480,images/train/frame_00140480.jpg,1280,720,1.7777777777777777,2
train,frame_00140748,images/train/frame_00140748.jpg,1280,720,1.7777777777777777,9
train,frame_00141024,images/train/frame_00141024.jpg,848,562,1.508896797153025,2
train,frame_00141067,images/train/frame_00141067.jpg,848,590,1.4372881355932203,1
train,frame_00141430,images/train/frame_00141430.jpg,1920,1080,1.7777777777777777,2
train,frame_00141503,images/train/frame_00141503.jpg,1280,720,1.7777777777777777,1
train,frame_00141550,images/train/frame_00141550.jpg,1920,1080,1.7777777777777777,3
train,frame_00141814,images/train/frame_00141814.jpg,1280,720,1.7777777777777777,1
train,frame_00141827,images/train/frame_00141827.jpg,1280,720,1.7777777777777777,1
train,frame_00142101,images/train/frame_00142101.jpg,1280,720,1.7777777777777777,1
train,frame_00142296,images/train/frame_00142296.jpg,1280,720,1.7777777777777777,1
train,frame_00142302,images/train/frame_00142302.jpg,1280,720,1.7777777777777777,2
train,frame_00142590,images/train/frame_00142590.jpg,1920,1080,1.7777777777777777,1
train,frame_00142602,images/train/frame_00142602.jpg,1920,1080,1.7777777777777777,1
train,frame_00142808,images/train/frame_00142808.jpg,1920,1080,1.7777777777777777,1
train,frame_00143057,images/train/frame_00143057.jpg,1920,1080,1.7777777777777777,1
train,frame_00143162,images/train/frame_00143162.jpg,1920,1080,1.7777777777777777,4
train,frame_00143245,images/train/frame_00143245.jpg,1280,720,1.7777777777777777,1
train,frame_00143347,images/train/frame_00143347.jpg,1280,720,1.7777777777777777,1
train,frame_00143621,images/train/frame_00143621.jpg,1280,720,1.7777777777777777,1
train,frame_00143735,images/train/frame_00143735.jpg,1920,1080,1.7777777777777777,1
train,frame_00143813,images/train/frame_00143813.jpg,832,472,1.7627118644067796,1
train,frame_00144178,images/train/frame_00144178.jpg,1920,1080,1.7777777777777777,1
train,frame_00144237,images/train/frame_00144237.jpg,1920,1080,1.7777777777777777,1
train,frame_00144489,images/train/frame_00144489.jpg,1920,1080,1.7777777777777777,1
train,frame_00144497,images/train/frame_00144497.jpg,1920,1080,1.7777777777777777,1
train,frame_00144684,images/train/frame_00144684.jpg,1920,1080,1.7777777777777777,1
train,frame_00144781,images/train/frame_00144781.jpg,848,476,1.781512605042017,1
train,frame_00144963,images/train/frame_00144963.jpg,1280,720,1.7777777777777777,2
train,frame_00145210,images/train/frame_00145210.jpg,1920,1080,1.7777777777777777,3
train,frame_00145905,images/train/frame_00145905.jpg,1920,1080,1.7777777777777777,2
train,frame_00146024,images/train/frame_00146024.jpg,1280,720,1.7777777777777777,3
train,frame_00146393,images/train/frame_00146393.jpg,1280,720,1.7777777777777777,1
train,frame_00146402,images/train/frame_00146402.jpg,1280,720,1.7777777777777777,1
train,frame_00146415,images/train/frame_00146415.jpg,1280,720,1.7777777777777777,1
train,frame_00146825,images/train/frame_00146825.jpg,1280,720,1.7777777777777777,1
train,frame_00147062,images/train/frame_00147062.jpg,1920,1080,1.7777777777777777,1
train,frame_00147071,images/train/frame_00147071.jpg,1920,1080,1.7777777777777777,1
train,frame_00147546,images/train/frame_00147546.jpg,1280,720,1.7777777777777777,4
train,frame_00147637,images/train/frame_00147637.jpg,1280,672,1.9047619047619047,2
train,frame_00147682,images/train/frame_00147682.jpg,1280,720,1.7777777777777777,2
train,frame_00147929,images/train/frame_00147929.jpg,1920,1080,1.7777777777777777,1
train,frame_00147990,images/train/frame_00147990.jpg,1280,720,1.7777777777777777,2
train,frame_00148325,images/train/frame_00148325.jpg,1280,720,1.7777777777777777,1
train,frame_00148490,images/train/frame_00148490.jpg,1280,720,1.7777777777777777,2
train,frame_00148494,images/train/frame_00148494.jpg,1280,720,1.7777777777777777,1
train,frame_00148508,images/train/frame_00148508.jpg,1280,1006,1.2723658051689861,1
train,frame_00148555,images/train/frame_00148555.jpg,1280,1006,1.2723658051689861,1
train,frame_00148880,images/train/frame_00148880.jpg,1280,880,1.4545454545454546,3
train,frame_00149076,images/train/frame_00149076.jpg,1280,720,1.7777777777777777,1
train,frame_00149477,images/train/frame_00149477.jpg,1920,1080,1.7777777777777777,1
train,frame_00149528,images/train/frame_00149528.jpg,1920,1080,1.7777777777777777,2
train,frame_00149618,images/train/frame_00149618.jpg,1280,720,1.7777777777777777,1
train,frame_00150188,images/train/frame_00150188.jpg,848,848,1.0,1
train,frame_00150787,images/train/frame_00150787.jpg,1280,720,1.7777777777777777,1
train,frame_00150905,images/train/frame_00150905.jpg,720,1280,0.5625,1
train,frame_00151273,images/train/frame_00151273.jpg,1920,1080,1.7777777777777777,2
train,frame_00151513,images/train/frame_00151513.jpg,1280,720,1.7777777777777777,1
train,frame_00151813,images/train/frame_00151813.jpg,1280,720,1.7777777777777777,4
train,frame_00152421,images/train/frame_00152421.jpg,1920,1080,1.7777777777777777,1
train,frame_00152712,images/train/frame_00152712.jpg,1920,1080,1.7777777777777777,2
train,frame_00153100,images/train/frame_00153100.jpg,854,430,1.986046511627907,2
train,frame_00153255,images/train/frame_00153255.jpg,1280,720,1.7777777777777777,1
train,frame_00153491,images/train/frame_00153491.jpg,1280,720,1.7777777777777777,1
train,frame_00153630,images/train/frame_00153630.jpg,1280,720,1.7777777777777777,1
train,frame_00153685,images/train/frame_00153685.jpg,1920,1080,1.7777777777777777,3
train,frame_00153772,images/train/frame_00153772.jpg,1920,1080,1.7777777777777777,1
train,frame_00154173,images/train/frame_00154173.jpg,1280,720,1.7777777777777777,2
train,frame_00154365,images/train/frame_00154365.jpg,1920,1080,1.7777777777777777,1
train,frame_00154393,images/train/frame_00154393.jpg,1920,1080,1.7777777777777777,1
train,frame_00154505,images/train/frame_00154505.jpg,1280,720,1.7777777777777777,1
train,frame_00154934,images/train/frame_00154934.jpg,672,840,0.8,1
train,frame_00155034,images/train/frame_00155034.jpg,1280,720,1.7777777777777777,1
train,frame_00155106,images/train/frame_00155106.jpg,720,1280,0.5625,1
train,frame_00155591,images/train/frame_00155591.jpg,720,900,0.8,1
train,frame_00155725,images/train/frame_00155725.jpg,1920,1080,1.7777777777777777,1
train,frame_00156004,images/train/frame_00156004.jpg,1280,720,1.7777777777777777,1
train,frame_00156115,images/train/frame_00156115.jpg,1280,720,1.7777777777777777,2
train,frame_00156241,images/train/frame_00156241.jpg,1920,1080,1.7777777777777777,1
train,frame_00156655,images/train/frame_00156655.jpg,1280,720,1.7777777777777777,1
train,frame_00156696,images/train/frame_00156696.jpg,628,480,1.3083333333333333,1
train,frame_00156902,images/train/frame_00156902.jpg,1920,1080,1.7777777777777777,1
train,frame_00157178,images/train/frame_00157178.jpg,1920,1080,1.7777777777777777,1
train,frame_00157272,images/train/frame_00157272.jpg,1280,720,1.7777777777777777,2
train,frame_00157340,images/train/frame_00157340.jpg,912,720,1.2666666666666666,1
train,frame_00157372,images/train/frame_00157372.jpg,1280,960,1.3333333333333333,3
train,frame_00157407,images/train/frame_00157407.jpg,640,352,1.8181818181818181,1
train,frame_00157675,images/train/frame_00157675.jpg,1920,1080,1.7777777777777777,5
train,frame_00157924,images/train/frame_00157924.jpg,1920,1080,1.7777777777777777,1
train,frame_00158326,images/train/frame_00158326.jpg,796,480,1.6583333333333334,1
train,frame_00158621,images/train/frame_00158621.jpg,720,900,0.8,1
train,frame_00158702,images/train/frame_00158702.jpg,1280,720,1.7777777777777777,1
train,frame_00159007,images/train/frame_00159007.jpg,1280,720,1.7777777777777777,3
train,frame_00159067,images/train/frame_00159067.jpg,1280,720,1.7777777777777777,2
train,frame_00159325,images/train/frame_00159325.jpg,1280,720,1.7777777777777777,1
train,frame_00159467,images/train/frame_00159467.jpg,1350,1080,1.25,2
train,frame_00159473,images/train/frame_00159473.jpg,1350,1080,1.25,1
train,frame_00160233,images/train/frame_00160233.jpg,1080,1350,0.8,1
train,frame_00161009,images/train/frame_00161009.jpg,720,1310,0.549618320610687,3
train,frame_00161210,images/train/frame_00161210.jpg,1920,1080,1.7777777777777777,2
train,frame_00161256,images/train/frame_00161256.jpg,1920,1080,1.7777777777777777,1
train,frame_00161571,images/train/frame_00161571.jpg,1280,720,1.7777777777777777,2
train,frame_00161732,images/train/frame_00161732.jpg,1920,1080,1.7777777777777777,9
train,frame_00161882,images/train/frame_00161882.jpg,1280,720,1.7777777777777777,6
train,frame_00162074,images/train/frame_00162074.jpg,1920,1080,1.7777777777777777,1
train,frame_00162174,images/train/frame_00162174.jpg,1920,1080,1.7777777777777777,1
train,frame_00162326,images/train/frame_00162326.jpg,1072,1904,0.5630252100840336,1
train,frame_00162379,images/train/frame_00162379.jpg,720,1280,0.5625,1
train,frame_00162521,images/train/frame_00162521.jpg,848,462,1.8354978354978355,1
train,frame_00162555,images/train/frame_00162555.jpg,1280,720,1.7777777777777777,1
train,frame_00162816,images/train/frame_00162816.jpg,848,462,1.8354978354978355,1
train,frame_00162895,images/train/frame_00162895.jpg,1280,960,1.3333333333333333,1
train,frame_00163171,images/train/frame_00163171.jpg,1280,720,1.7777777777777777,3
train,frame_00163449,images/train/frame_00163449.jpg,1280,608,2.1052631578947367,3
train,frame_00163454,images/train/frame_00163454.jpg,1280,608,2.1052631578947367,5
train,frame_00163590,images/train/frame_00163590.jpg,1280,720,1.7777777777777777,1
train,frame_00163749,images/train/frame_00163749.jpg,1280,720,1.7777777777777777,3
train,frame_00164070,images/train/frame_00164070.jpg,1280,720,1.7777777777777777,1
train,frame_00164071,images/train/frame_00164071.jpg,1280,720,1.7777777777777777,1
train,frame_00164758,images/train/frame_00164758.jpg,1280,720,1.7777777777777777,2
train,frame_00165232,images/train/frame_00165232.jpg,1280,720,1.7777777777777777,2
train,frame_00165488,images/train/frame_00165488.jpg,1280,720,1.7777777777777777,1
train,frame_00165690,images/train/frame_00165690.jpg,1280,720,1.7777777777777777,1
train,frame_00165876,images/train/frame_00165876.jpg,1280,720,1.7777777777777777,2
train,frame_00166159,images/train/frame_00166159.jpg,848,464,1.8275862068965518,1
train,frame_00166468,images/train/frame_00166468.jpg,1280,720,1.7777777777777777,1
train,frame_00166619,images/train/frame_00166619.jpg,1280,720,1.7777777777777777,1
train,frame_00167227,images/train/frame_00167227.jpg,1280,720,1.7777777777777777,1
train,frame_00167584,images/train/frame_00167584.jpg,1280,720,1.7777777777777777,4
train,frame_00167624,images/train/frame_00167624.jpg,1280,720,1.7777777777777777,1
train,frame_00167645,images/train/frame_00167645.jpg,1280,688,1.8604651162790697,2
train,frame_00168092,images/train/frame_00168092.jpg,1920,1080,1.7777777777777777,1
train,frame_00168491,images/train/frame_00168491.jpg,848,636,1.3333333333333333,2
train,frame_00168707,images/train/frame_00168707.jpg,1920,1080,1.7777777777777777,1
train,frame_00169091,images/train/frame_00169091.jpg,1280,720,1.7777777777777777,1
train,frame_00169179,images/train/frame_00169179.jpg,1280,720,1.7777777777777777,1
train,frame_00169707,images/train/frame_00169707.jpg,1280,720,1.7777777777777777,2
train,frame_00169758,images/train/frame_00169758.jpg,1280,720,1.7777777777777777,1
train,frame_00169775,images/train/frame_00169775.jpg,1280,720,1.7777777777777777,2
train,frame_00169876,images/train/frame_00169876.jpg,1280,720,1.7777777777777777,2
train,frame_00169942,images/train/frame_00169942.jpg,1280,720,1.7777777777777777,1
train,frame_00170254,images/train/frame_00170254.jpg,1280,720,1.7777777777777777,1
train,frame_00170397,images/train/frame_00170397.jpg,1280,720,1.7777777777777777,1
train,frame_00170660,images/train/frame_00170660.jpg,1280,720,1.7777777777777777,1
train,frame_00171373,images/train/frame_00171373.jpg,848,464,1.8275862068965518,3
train,frame_00171401,images/train/frame_00171401.jpg,360,640,0.5625,2
train,frame_00171963,images/train/frame_00171963.jpg,808,480,1.6833333333333333,2
train,frame_00172214,images/train/frame_00172214.jpg,1280,720,1.7777777777777777,1
train,frame_00172366,images/train/frame_00172366.jpg,900,720,1.25,1
train,frame_00172988,images/train/frame_00172988.jpg,234,426,0.5492957746478874,3
train,frame_00174276,images/train/frame_00174276.jpg,640,360,1.7777777777777777,1
train,frame_00174974,images/train/frame_00174974.jpg,1060,720,1.4722222222222223,1
train,frame_00175083,images/train/frame_00175083.jpg,1280,720,1.7777777777777777,1
train,frame_00175293,images/train/frame_00175293.jpg,1920,1080,1.7777777777777777,1
train,frame_00175393,images/train/frame_00175393.jpg,1920,1080,1.7777777777777777,1
train,frame_00175876,images/train/frame_00175876.jpg,1920,1080,1.7777777777777777,1
train,frame_00176189,images/train/frame_00176189.jpg,976,720,1.3555555555555556,1
train,frame_00176218,images/train/frame_00176218.jpg,976,720,1.3555555555555556,2
train,frame_00176385,images/train/frame_00176385.jpg,1280,720,1.7777777777777777,2
train,frame_00177249,images/train/frame_00177249.jpg,900,720,1.25,2
train,frame_00177367,images/train/frame_00177367.jpg,600,360,1.6666666666666667,1
train,frame_00177541,images/train/frame_00177541.jpg,1920,886,2.1670428893905194,1
train,frame_00177578,images/train/frame_00177578.jpg,1920,886,2.1670428893905194,3
train,frame_00178037,images/train/frame_00178037.jpg,1920,1080,1.7777777777777777,1
train,frame_00178180,images/train/frame_00178180.jpg,1280,720,1.7777777777777777,1
train,frame_00178397,images/train/frame_00178397.jpg,1920,1080,1.7777777777777777,1
train,frame_00178748,images/train/frame_00178748.jpg,1280,720,1.7777777777777777,5
train,frame_00178770,images/train/frame_00178770.jpg,1280,720,1.7777777777777777,2
train,frame_00179041,images/train/frame_00179041.jpg,1280,720,1.7777777777777777,3
train,frame_00179738,images/train/frame_00179738.jpg,640,360,1.7777777777777777,1
train,frame_00179983,images/train/frame_00179983.jpg,1026,1280,0.8015625,1
train,frame_00180008,images/train/frame_00180008.jpg,1026,1280,0.8015625,1
train,frame_00180321,images/train/frame_00180321.jpg,1280,720,1.7777777777777777,3
train,frame_00180367,images/train/frame_00180367.jpg,1280,720,1.7777777777777777,3
train,frame_00180446,images/train/frame_00180446.jpg,1920,1080,1.7777777777777777,1
train,frame_00180732,images/train/frame_00180732.jpg,1920,1080,1.7777777777777777,1
train,frame_00180945,images/train/frame_00180945.jpg,1920,1080,1.7777777777777777,1
train,frame_00180974,images/train/frame_00180974.jpg,1920,1080,1.7777777777777777,2
train,frame_00181151,images/train/frame_00181151.jpg,1920,1080,1.7777777777777777,2
train,frame_00181191,images/train/frame_00181191.jpg,1920,1080,1.7777777777777777,2
train,frame_00181580,images/train/frame_00181580.jpg,1280,720,1.7777777777777777,2
train,frame_00181586,images/train/frame_00181586.jpg,1280,720,1.7777777777777777,5
train,frame_00181599,images/train/frame_00181599.jpg,1280,720,1.7777777777777777,2
train,frame_00182000,images/train/frame_00182000.jpg,1280,720,1.7777777777777777,1
train,frame_00184009,images/train/frame_00184009.jpg,1280,720,1.7777777777777777,1
train,frame_00184849,images/train/frame_00184849.jpg,640,352,1.8181818181818181,1
train,frame_00184903,images/train/frame_00184903.jpg,640,352,1.8181818181818181,1
train,frame_00186696,images/train/frame_00186696.jpg,1920,1072,1.791044776119403,2
train,frame_00186855,images/train/frame_00186855.jpg,1280,720,1.7777777777777777,2
train,frame_00187568,images/train/frame_00187568.jpg,1280,720,1.7777777777777777,2
train,frame_00189606,images/train/frame_00189606.jpg,1316,720,1.8277777777777777,3
train,frame_00189611,images/train/frame_00189611.jpg,1316,720,1.8277777777777777,1
train,frame_00192005,images/train/frame_00192005.jpg,480,848,0.5660377358490566,2
train,frame_00193471,images/train/frame_00193471.jpg,720,1280,0.5625,1
train,frame_00194258,images/train/frame_00194258.jpg,360,640,0.5625,1
train,frame_00194470,images/train/frame_00194470.jpg,720,1280,0.5625,1
val,frame_00006876,images/val/frame_00006876.jpg,1920,1080,1.7777777777777777,1
val,frame_00007331,images/val/frame_00007331.jpg,848,724,1.171270718232044,3
val,frame_00008034,images/val/frame_00008034.jpg,1920,1072,1.791044776119403,1
val,frame_00009218,images/val/frame_00009218.jpg,1280,592,2.1621621621621623,3
val,frame_00009679,images/val/frame_00009679.jpg,1280,592,2.1621621621621623,1
val,frame_00014554,images/val/frame_00014554.jpg,1920,1072,1.791044776119403,1
val,frame_00015871,images/val/frame_00015871.jpg,1280,712,1.797752808988764,1
val,frame_00017217,images/val/frame_00017217.jpg,1280,704,1.8181818181818181,1
val,frame_00017668,images/val/frame_00017668.jpg,1280,720,1.7777777777777777,1
val,frame_00020551,images/val/frame_00020551.jpg,1280,704,1.8181818181818181,10
val,frame_00021293,images/val/frame_00021293.jpg,1280,720,1.7777777777777777,2
val,frame_00021609,images/val/frame_00021609.jpg,1280,720,1.7777777777777777,2
val,frame_00021968,images/val/frame_00021968.jpg,640,518,1.2355212355212355,1
val,frame_00022184,images/val/frame_00022184.jpg,848,462,1.8354978354978355,1
val,frame_00027487,images/val/frame_00027487.jpg,848,480,1.7666666666666666,1
val,frame_00028336,images/val/frame_00028336.jpg,848,848,1.0,1
val,frame_00030798,images/val/frame_00030798.jpg,1280,704,1.8181818181818181,1
val,frame_00033350,images/val/frame_00033350.jpg,720,1280,0.5625,2
val,frame_00033521,images/val/frame_00033521.jpg,848,480,1.7666666666666666,1
val,frame_00035237,images/val/frame_00035237.jpg,1280,720,1.7777777777777777,2
val,frame_00037652,images/val/frame_00037652.jpg,1280,720,1.7777777777777777,4
val,frame_00039300,images/val/frame_00039300.jpg,848,476,1.781512605042017,1
val,frame_00039314,images/val/frame_00039314.jpg,1280,720,1.7777777777777777,1
val,frame_00040150,images/val/frame_00040150.jpg,1280,720,1.7777777777777777,1
val,frame_00040954,images/val/frame_00040954.jpg,1920,1072,1.791044776119403,3
val,frame_00042475,images/val/frame_00042475.jpg,1280,720,1.7777777777777777,1
val,frame_00042876,images/val/frame_00042876.jpg,640,640,1.0,3
val,frame_00043303,images/val/frame_00043303.jpg,848,634,1.337539432176656,1
val,frame_00047392,images/val/frame_00047392.jpg,1920,1072,1.791044776119403,1
val,frame_00048559,images/val/frame_00048559.jpg,640,512,1.25,1
val,frame_00049671,images/val/frame_00049671.jpg,1920,1072,1.791044776119403,1
val,frame_00050449,images/val/frame_00050449.jpg,1920,1072,1.791044776119403,1
val,frame_00051991,images/val/frame_00051991.jpg,1280,720,1.7777777777777777,1
val,frame_00054093,images/val/frame_00054093.jpg,1920,1072,1.791044776119403,1
val,frame_00054408,images/val/frame_00054408.jpg,1920,1072,1.791044776119403,9
val,frame_00058746,images/val/frame_00058746.jpg,1280,720,1.7777777777777777,1
val,frame_00059835,images/val/frame_00059835.jpg,848,464,1.8275862068965518,1
val,frame_00066700,images/val/frame_00066700.jpg,1920,1080,1.7777777777777777,1
val,frame_00068018,images/val/frame_00068018.jpg,1280,720,1.7777777777777777,5
val,frame_00068085,images/val/frame_00068085.jpg,720,900,0.8,1
val,frame_00071142,images/val/frame_00071142.jpg,1280,720,1.7777777777777777,1
val,frame_00071639,images/val/frame_00071639.jpg,1920,1080,1.7777777777777777,2
val,frame_00075121,images/val/frame_00075121.jpg,1280,960,1.3333333333333333,2
val,frame_00077399,images/val/frame_00077399.jpg,1280,720,1.7777777777777777,1
val,frame_00078999,images/val/frame_00078999.jpg,464,848,0.5471698113207547,1
val,frame_00079181,images/val/frame_00079181.jpg,1280,720,1.7777777777777777,1
val,frame_00081065,images/val/frame_00081065.jpg,1280,720,1.7777777777777777,1
val,frame_00082494,images/val/frame_00082494.jpg,848,848,1.0,1
val,frame_00084161,images/val/frame_00084161.jpg,720,1280,0.5625,1
val,frame_00086127,images/val/frame_00086127.jpg,1280,720,1.7777777777777777,1
val,frame_00086765,images/val/frame_00086765.jpg,1280,720,1.7777777777777777,4
val,frame_00086984,images/val/frame_00086984.jpg,848,476,1.781512605042017,1
val,frame_00087380,images/val/frame_00087380.jpg,1920,1080,1.7777777777777777,1
val,frame_00089444,images/val/frame_00089444.jpg,1280,720,1.7777777777777777,1
val,frame_00089682,images/val/frame_00089682.jpg,1280,720,1.7777777777777777,1
val,frame_00089804,images/val/frame_00089804.jpg,1280,720,1.7777777777777777,2
val,frame_00092451,images/val/frame_00092451.jpg,848,480,1.7666666666666666,1
val,frame_00096775,images/val/frame_00096775.jpg,1280,720,1.7777777777777777,2
val,frame_00098297,images/val/frame_00098297.jpg,1280,720,1.7777777777777777,1
val,frame_00098957,images/val/frame_00098957.jpg,1280,720,1.7777777777777777,1
val,frame_00099818,images/val/frame_00099818.jpg,848,476,1.781512605042017,1
val,frame_00101523,images/val/frame_00101523.jpg,1280,720,1.7777777777777777,2
val,frame_00104153,images/val/frame_00104153.jpg,1280,720,1.7777777777777777,1
val,frame_00104289,images/val/frame_00104289.jpg,352,618,0.56957928802589,1
val,frame_00105630,images/val/frame_00105630.jpg,1920,1080,1.7777777777777777,1
val,frame_00106776,images/val/frame_00106776.jpg,848,474,1.7890295358649788,1
val,frame_00109166,images/val/frame_00109166.jpg,1280,720,1.7777777777777777,1
val,frame_00111336,images/val/frame_00111336.jpg,1280,720,1.7777777777777777,1
val,frame_00112283,images/val/frame_00112283.jpg,1280,720,1.7777777777777777,1
val,frame_00115741,images/val/frame_00115741.jpg,1280,724,1.7679558011049723,1
val,frame_00116586,images/val/frame_00116586.jpg,1280,720,1.7777777777777777,1
val,frame_00116964,images/val/frame_00116964.jpg,1920,1080,1.7777777777777777,2
val,frame_00117296,images/val/frame_00117296.jpg,1920,1080,1.7777777777777777,1
val,frame_00119091,images/val/frame_00119091.jpg,1280,720,1.7777777777777777,1
val,frame_00122273,images/val/frame_00122273.jpg,1280,720,1.7777777777777777,2
val,frame_00124949,images/val/frame_00124949.jpg,1280,720,1.7777777777777777,1
val,frame_00126250,images/val/frame_00126250.jpg,1280,720,1.7777777777777777,5
val,frame_00127332,images/val/frame_00127332.jpg,1280,720,1.7777777777777777,1
val,frame_00129451,images/val/frame_00129451.jpg,1280,720,1.7777777777777777,1
val,frame_00135874,images/val/frame_00135874.jpg,1920,1080,1.7777777777777777,1
val,frame_00137253,images/val/frame_00137253.jpg,848,476,1.781512605042017,1
val,frame_00139702,images/val/frame_00139702.jpg,1280,720,1.7777777777777777,1
val,frame_00140989,images/val/frame_00140989.jpg,1280,720,1.7777777777777777,1
val,frame_00144755,images/val/frame_00144755.jpg,1280,720,1.7777777777777777,1
val,frame_00144917,images/val/frame_00144917.jpg,1280,720,1.7777777777777777,1
val,frame_00145319,images/val/frame_00145319.jpg,1920,1080,1.7777777777777777,4
val,frame_00146107,images/val/frame_00146107.jpg,1920,1080,1.7777777777777777,1
val,frame_00147540,images/val/frame_00147540.jpg,1280,720,1.7777777777777777,1
val,frame_00153317,images/val/frame_00153317.jpg,1280,720,1.7777777777777777,1
val,frame_00154429,images/val/frame_00154429.jpg,1280,720,1.7777777777777777,1
val,frame_00155711,images/val/frame_00155711.jpg,1920,1080,1.7777777777777777,1
val,frame_00156037,images/val/frame_00156037.jpg,1280,720,1.7777777777777777,1
val,frame_00157570,images/val/frame_00157570.jpg,900,720,1.25,2
val,frame_00157672,images/val/frame_00157672.jpg,1920,1080,1.7777777777777777,4
val,frame_00157678,images/val/frame_00157678.jpg,1920,1080,1.7777777777777777,1
val,frame_00160769,images/val/frame_00160769.jpg,1280,720,1.7777777777777777,1
val,frame_00162928,images/val/frame_00162928.jpg,848,624,1.358974358974359,2
val,frame_00164080,images/val/frame_00164080.jpg,1280,720,1.7777777777777777,1
val,frame_00164982,images/val/frame_00164982.jpg,1280,720,1.7777777777777777,1
val,frame_00165720,images/val/frame_00165720.jpg,1280,720,1.7777777777777777,2
val,frame_00165973,images/val/frame_00165973.jpg,1280,720,1.7777777777777777,2
val,frame_00166272,images/val/frame_00166272.jpg,848,480,1.7666666666666666,1
val,frame_00167648,images/val/frame_00167648.jpg,1280,688,1.8604651162790697,2
val,frame_00169722,images/val/frame_00169722.jpg,1280,720,1.7777777777777777,2
val,frame_00171843,images/val/frame_00171843.jpg,720,1280,0.5625,1
val,frame_00172231,images/val/frame_00172231.jpg,1280,720,1.7777777777777777,1
val,frame_00177161,images/val/frame_00177161.jpg,480,854,0.5620608899297423,1
val,frame_00177527,images/val/frame_00177527.jpg,1920,886,2.1670428893905194,3
val,frame_00179069,images/val/frame_00179069.jpg,1280,720,1.7777777777777777,4
val,frame_00180005,images/val/frame_00180005.jpg,1026,1280,0.8015625,1
val,frame_00180103,images/val/frame_00180103.jpg,1280,720,1.7777777777777777,1
test,frame_00008175,images/test/frame_00008175.jpg,1920,1072,1.791044776119403,1
test,frame_00013229,images/test/frame_00013229.jpg,1280,704,1.8181818181818181,4
test,frame_00013944,images/test/frame_00013944.jpg,1920,1072,1.791044776119403,1
test,frame_00014428,images/test/frame_00014428.jpg,1920,1072,1.791044776119403,2
test,frame_00014777,images/test/frame_00014777.jpg,1280,720,1.7777777777777777,1
test,frame_00015236,images/test/frame_00015236.jpg,1280,720,1.7777777777777777,1
test,frame_00017859,images/test/frame_00017859.jpg,1280,720,1.7777777777777777,2
test,frame_00018214,images/test/frame_00018214.jpg,1280,720,1.7777777777777777,2
test,frame_00020745,images/test/frame_00020745.jpg,1280,704,1.8181818181818181,1
test,frame_00021183,images/test/frame_00021183.jpg,1280,720,1.7777777777777777,4
test,frame_00022910,images/test/frame_00022910.jpg,1280,720,1.7777777777777777,2
test,frame_00023950,images/test/frame_00023950.jpg,848,476,1.781512605042017,1
test,frame_00024018,images/test/frame_00024018.jpg,448,848,0.5283018867924528,1
test,frame_00025224,images/test/frame_00025224.jpg,1280,720,1.7777777777777777,1
test,frame_00026679,images/test/frame_00026679.jpg,1280,720,1.7777777777777777,1
test,frame_00027144,images/test/frame_00027144.jpg,1280,720,1.7777777777777777,1
test,frame_00027355,images/test/frame_00027355.jpg,848,480,1.7666666666666666,1
test,frame_00029816,images/test/frame_00029816.jpg,1920,1072,1.791044776119403,1
test,frame_00031532,images/test/frame_00031532.jpg,1920,1072,1.791044776119403,3
test,frame_00031754,images/test/frame_00031754.jpg,1280,720,1.7777777777777777,1
test,frame_00032535,images/test/frame_00032535.jpg,1280,720,1.7777777777777777,1
test,frame_00033597,images/test/frame_00033597.jpg,1280,720,1.7777777777777777,1
test,frame_00034227,images/test/frame_00034227.jpg,640,640,1.0,1
test,frame_00036662,images/test/frame_00036662.jpg,1280,720,1.7777777777777777,8
test,frame_00037558,images/test/frame_00037558.jpg,1920,1072,1.791044776119403,4
test,frame_00040238,images/test/frame_00040238.jpg,1920,1080,1.7777777777777777,1
test,frame_00044745,images/test/frame_00044745.jpg,1920,1080,1.7777777777777777,1
test,frame_00045686,images/test/frame_00045686.jpg,1280,720,1.7777777777777777,1
test,frame_00050404,images/test/frame_00050404.jpg,1920,1072,1.791044776119403,1
test,frame_00051264,images/test/frame_00051264.jpg,1280,720,1.7777777777777777,1
test,frame_00052519,images/test/frame_00052519.jpg,1280,724,1.7679558011049723,1
test,frame_00052635,images/test/frame_00052635.jpg,1920,1072,1.791044776119403,1
test,frame_00055036,images/test/frame_00055036.jpg,1280,720,1.7777777777777777,1
test,frame_00058687,images/test/frame_00058687.jpg,1280,720,1.7777777777777777,2
test,frame_00061434,images/test/frame_00061434.jpg,1280,720,1.7777777777777777,1
test,frame_00061690,images/test/frame_00061690.jpg,848,464,1.8275862068965518,1
test,frame_00061974,images/test/frame_00061974.jpg,1280,720,1.7777777777777777,1
test,frame_00064171,images/test/frame_00064171.jpg,1072,1904,0.5630252100840336,1
test,frame_00064231,images/test/frame_00064231.jpg,1280,720,1.7777777777777777,1
test,frame_00066372,images/test/frame_00066372.jpg,1920,1080,1.7777777777777777,1
test,frame_00066612,images/test/frame_00066612.jpg,1280,720,1.7777777777777777,1
test,frame_00067168,images/test/frame_00067168.jpg,1920,1080,1.7777777777777777,2
test,frame_00067756,images/test/frame_00067756.jpg,720,1280,0.5625,1
test,frame_00068072,images/test/frame_00068072.jpg,720,900,0.8,1
test,frame_00068147,images/test/frame_00068147.jpg,1920,1080,1.7777777777777777,1
test,frame_00068878,images/test/frame_00068878.jpg,852,480,1.775,1
test,frame_00069724,images/test/frame_00069724.jpg,848,480,1.7666666666666666,1
test,frame_00071785,images/test/frame_00071785.jpg,1280,960,1.3333333333333333,1
test,frame_00071875,images/test/frame_00071875.jpg,1280,960,1.3333333333333333,3
test,frame_00074345,images/test/frame_00074345.jpg,1280,720,1.7777777777777777,1
test,frame_00079272,images/test/frame_00079272.jpg,1280,720,1.7777777777777777,1
test,frame_00080048,images/test/frame_00080048.jpg,1920,1080,1.7777777777777777,1
test,frame_00082787,images/test/frame_00082787.jpg,1280,720,1.7777777777777777,1
test,frame_00086018,images/test/frame_00086018.jpg,1280,720,1.7777777777777777,3
test,frame_00086142,images/test/frame_00086142.jpg,1280,720,1.7777777777777777,3
test,frame_00086638,images/test/frame_00086638.jpg,1280,720,1.7777777777777777,1
test,frame_00087007,images/test/frame_00087007.jpg,848,462,1.8354978354978355,1
test,frame_00087169,images/test/frame_00087169.jpg,1920,1080,1.7777777777777777,1
test,frame_00087542,images/test/frame_00087542.jpg,1920,1080,1.7777777777777777,2
test,frame_00089475,images/test/frame_00089475.jpg,1280,720,1.7777777777777777,1
test,frame_00089820,images/test/frame_00089820.jpg,1280,720,1.7777777777777777,2
test,frame_00095498,images/test/frame_00095498.jpg,1280,700,1.8285714285714285,1
test,frame_00096220,images/test/frame_00096220.jpg,640,368,1.7391304347826086,1
test,frame_00096709,images/test/frame_00096709.jpg,1280,720,1.7777777777777777,1
test,frame_00097722,images/test/frame_00097722.jpg,1280,720,1.7777777777777777,3
test,frame_00101930,images/test/frame_00101930.jpg,848,478,1.7740585774058577,1
test,frame_00102128,images/test/frame_00102128.jpg,1280,720,1.7777777777777777,2
test,frame_00103205,images/test/frame_00103205.jpg,720,1280,0.5625,1
test,frame_00105504,images/test/frame_00105504.jpg,1280,692,1.8497109826589595,1
test,frame_00109688,images/test/frame_00109688.jpg,848,476,1.781512605042017,2
test,frame_00111060,images/test/frame_00111060.jpg,1280,720,1.7777777777777777,1
test,frame_00112250,images/test/frame_00112250.jpg,1280,720,1.7777777777777777,1
test,frame_00115111,images/test/frame_00115111.jpg,1920,1080,1.7777777777777777,1
test,frame_00116492,images/test/frame_00116492.jpg,1280,720,1.7777777777777777,1
test,frame_00117396,images/test/frame_00117396.jpg,1920,1080,1.7777777777777777,2
test,frame_00119018,images/test/frame_00119018.jpg,1280,720,1.7777777777777777,7
test,frame_00120360,images/test/frame_00120360.jpg,1280,960,1.3333333333333333,1
test,frame_00123627,images/test/frame_00123627.jpg,1280,720,1.7777777777777777,4
test,frame_00124229,images/test/frame_00124229.jpg,1280,720,1.7777777777777777,2
test,frame_00124369,images/test/frame_00124369.jpg,1280,720,1.7777777777777777,2
test,frame_00124577,images/test/frame_00124577.jpg,1280,720,1.7777777777777777,1
test,frame_00132620,images/test/frame_00132620.jpg,1280,720,1.7777777777777777,1
test,frame_00132631,images/test/frame_00132631.jpg,1280,720,1.7777777777777777,1
test,frame_00135282,images/test/frame_00135282.jpg,848,568,1.4929577464788732,3
test,frame_00140676,images/test/frame_00140676.jpg,1280,720,1.7777777777777777,1
test,frame_00141326,images/test/frame_00141326.jpg,1920,1080,1.7777777777777777,1
test,frame_00141354,images/test/frame_00141354.jpg,1920,1080,1.7777777777777777,2
test,frame_00143024,images/test/frame_00143024.jpg,1920,1080,1.7777777777777777,1
test,frame_00143257,images/test/frame_00143257.jpg,1280,720,1.7777777777777777,1
test,frame_00149096,images/test/frame_00149096.jpg,1280,720,1.7777777777777777,1
test,frame_00151797,images/test/frame_00151797.jpg,1280,720,1.7777777777777777,1
test,frame_00154076,images/test/frame_00154076.jpg,1920,1080,1.7777777777777777,1
test,frame_00154133,images/test/frame_00154133.jpg,1920,1080,1.7777777777777777,2
test,frame_00154762,images/test/frame_00154762.jpg,1280,720,1.7777777777777777,1
test,frame_00164101,images/test/frame_00164101.jpg,1280,750,1.7066666666666668,1
test,frame_00168385,images/test/frame_00168385.jpg,512,848,0.6037735849056604,1
test,frame_00168840,images/test/frame_00168840.jpg,1280,720,1.7777777777777777,1
test,frame_00170024,images/test/frame_00170024.jpg,1280,720,1.7777777777777777,3
test,frame_00171381,images/test/frame_00171381.jpg,848,464,1.8275862068965518,2
test,frame_00178028,images/test/frame_00178028.jpg,1920,1080,1.7777777777777777,1
test,frame_00178287,images/test/frame_00178287.jpg,1280,720,1.7777777777777777,4
test,frame_00180592,images/test/frame_00180592.jpg,1920,1080,1.7777777777777777,2
test,frame_00181279,images/test/frame_00181279.jpg,1920,1072,1.791044776119403,1
test,frame_00181292,images/test/frame_00181292.jpg,1920,1072,1.791044776119403,1
test,frame_00181698,images/test/frame_00181698.jpg,852,476,1.7899159663865547,2
test,frame_00181951,images/test/frame_00181951.jpg,1280,720,1.7777777777777777,1
test,frame_00185741,images/test/frame_00185741.jpg,352,624,0.5641025641025641,1
test,frame_00186694,images/test/frame_00186694.jpg,1920,1072,1.791044776119403,3
test,frame_00188301,images/test/frame_00188301.jpg,640,352,1.8181818181818181,7
test,frame_00190309,images/test/frame_00190309.jpg,1280,720,1.7777777777777777,2
test,frame_00191413,images/test/frame_00191413.jpg,848,848,1.0,1
test,frame_00192762,images/test/frame_00192762.jpg,856,468,1.829059829059829,2
