split,relative_stem,class_id,class_name,box_width,box_height,box_area
train,frame_00007081,1,soldier,0.10967,0.214286,0.023500745620000003
train,frame_00007281,1,soldier,0.024219,0.043056,0.001042773264
train,frame_00007281,1,soldier,0.01875,0.033333,0.00062499375
train,frame_00007281,1,soldier,0.022656,0.034722,0.000786661632
train,frame_00007281,1,soldier,0.015625,0.047222,0.00073784375
train,frame_00007281,1,soldier,0.01875,0.036111,0.0006770812499999999
train,frame_00007281,1,soldier,0.022656,0.055556,0.001258676736
train,frame_00007281,1,soldier,0.020313,0.040278,0.0008181670140000001
train,frame_00007281,1,soldier,0.021094,0.041667,0.0008789236980000001
train,frame_00007281,1,soldier,0.021094,0.044444,0.000937501736
train,frame_00007281,1,soldier,0.01875,0.034722,0.0006510375
train,frame_00007281,1,soldier,0.019531,0.041667,0.0008137981770000001
train,frame_00007281,1,soldier,0.020313,0.05,0.00101565
train,frame_00007281,1,soldier,0.016406,0.038889,0.000638012934
train,frame_00007281,1,soldier,0.017969,0.036111,0.0006488785589999999
train,frame_00007281,1,soldier,0.021094,0.044444,0.000937501736
train,frame_00007281,1,soldier,0.025,0.048611,0.001215275
train,frame_00007281,1,soldier,0.016406,0.038889,0.000638012934
train,frame_00007281,1,soldier,0.015625,0.038889,0.000607640625
train,frame_00007281,1,soldier,0.009375,0.033333,0.000312496875
train,frame_00007281,1,soldier,0.010156,0.034722,0.00035263663200000005
train,frame_00007281,1,soldier,0.010937,0.036111,0.000394946007
train,frame_00007281,1,soldier,0.0125,0.0375,0.00046875
train,frame_00007281,1,soldier,0.0125,0.038889,0.00048611250000000003
train,frame_00007281,1,soldier,0.016406,0.048611,0.0007975120660000001
train,frame_00007391,1,soldier,0.689453,0.379688,0.261777030664
train,frame_00007440,0,vehicle,0.098437,0.073864,0.0072709505679999994
train,frame_00007440,0,vehicle,0.071875,0.059659,0.004287990624999999
train,frame_00007511,1,soldier,0.213542,0.412037,0.087987205054
train,frame_00007861,1,soldier,0.045312,0.090485,0.00410005632
train,frame_00007862,1,soldier,0.058854,0.088619,0.005215582626
train,frame_00007890,1,soldier,0.688021,0.725746,0.499328488666
train,frame_00008039,1,soldier,0.234375,0.574627,0.134678203125
train,frame_00008448,1,soldier,0.207813,0.929054,0.193069498902
train,frame_00008448,1,soldier,0.104688,0.503378,0.052697636064
train,frame_00008448,1,soldier,0.336719,0.579392,0.195092294848
train,frame_00008690,0,vehicle,0.038281,0.086149,0.003297869869
train,frame_00008690,0,vehicle,0.058594,0.094595,0.00554269943
train,frame_00008765,0,vehicle,0.011719,0.030405,0.000356316195
train,frame_00008765,0,vehicle,0.011719,0.032095,0.000376121305
train,frame_00008765,0,vehicle,0.014063,0.035473,0.000498856799
train,frame_00008765,0,vehicle,0.015625,0.030405,0.000475078125
train,frame_00009111,0,vehicle,0.010937,0.023649,0.000258649113
train,frame_00009111,0,vehicle,0.007031,0.016892,0.000118767652
train,frame_00009111,0,vehicle,0.010156,0.02027,0.00020586212
train,frame_00009111,0,vehicle,0.011719,0.018581,0.000217750739
train,frame_00009111,0,vehicle,0.011719,0.023649,0.000277142631
train,frame_00009223,1,soldier,0.184375,0.628378,0.11585719375
train,frame_00009223,1,soldier,0.18125,0.689189,0.12491550625
train,frame_00009223,1,soldier,0.166406,0.633446,0.10540921507599998
train,frame_00009223,1,soldier,0.150781,0.814189,0.122764231609
train,frame_00009841,0,vehicle,0.017188,0.035473,0.0006097099239999999
train,frame_00009841,0,vehicle,0.014844,0.038851,0.0005767042439999999
train,frame_00009900,0,vehicle,0.03125,0.043919,0.00137246875
train,frame_00009900,0,vehicle,0.032031,0.055743,0.001785504033
train,frame_00009900,0,vehicle,0.03125,0.050676,0.001583625
train,frame_00010396,1,soldier,0.310156,0.748311,0.23209314651599997
train,frame_00010396,1,soldier,0.247656,0.939189,0.232595790984
train,frame_00010475,0,vehicle,0.019531,0.021959,0.000428881229
train,frame_00010475,0,vehicle,0.017969,0.032095,0.0005767150549999999
train,frame_00010841,1,soldier,0.075781,0.066667,0.005052091927
train,frame_00011355,1,soldier,0.285156,0.4,0.11406240000000001
train,frame_00011398,1,soldier,0.467969,0.644444,0.301579814236
train,frame_00011405,1,soldier,0.161719,0.431944,0.069853551736
train,frame_00011540,1,soldier,0.065625,0.090278,0.00592449375
train,frame_00011549,1,soldier,0.151562,0.144444,0.021892221527999998
train,frame_00011635,1,soldier,0.632031,0.8875,0.5609275125
train,frame_00011804,1,soldier,0.095312,0.115278,0.010987376736
train,frame_00011911,1,soldier,0.0625,0.1875,0.01171875
train,frame_00011996,0,vehicle,0.021875,0.038889,0.0008506968749999999
train,frame_00011996,0,vehicle,0.020313,0.033333,0.0006770932290000001
train,frame_00012481,0,vehicle,0.197656,0.531944,0.10514192326399999
train,frame_00012559,0,vehicle,0.199219,0.6375,0.1270021125
train,frame_00012609,0,vehicle,0.505469,0.486111,0.245714041059
train,frame_00012609,0,vehicle,0.226562,0.244444,0.055381721528
train,frame_00012770,0,vehicle,0.226562,0.305556,0.069227378472
train,frame_00012920,0,vehicle,0.271094,0.656944,0.178093576736
train,frame_00013064,1,soldier,0.089623,0.335498,0.030068337254
train,frame_00013244,1,soldier,0.202344,0.137784,0.027879765695999998
train,frame_00013244,0,vehicle,0.840625,0.485795,0.408371421875
train,frame_00013244,1,soldier,0.189062,0.159091,0.030078062642000004
train,frame_00013807,1,soldier,0.026562,0.043056,0.001143653472
train,frame_00014295,1,soldier,0.4,0.44403,0.177612
train,frame_00014295,1,soldier,0.553646,0.30597,0.16939906662
train,frame_00014349,1,soldier,0.423958,0.334888,0.141978446704
train,frame_00014435,1,soldier,0.280208,0.541045,0.15160513736
train,frame_00014435,1,soldier,0.146875,0.484142,0.07110835625
train,frame_00014445,1,soldier,0.28125,0.780784,0.2195955
train,frame_00014473,1,soldier,0.071875,0.149254,0.01072763125
train,frame_00014473,1,soldier,0.06875,0.068097,0.00468166875
train,frame_00014536,1,soldier,0.314583,0.593284,0.18663706057200002
train,frame_00014536,1,soldier,0.170313,0.459888,0.078324904944
train,frame_00014766,0,vehicle,0.128906,0.330556,0.042610651735999996
train,frame_00015518,0,vehicle,0.094531,0.191667,0.018118473177
train,frame_00015540,0,vehicle,0.1375,0.191667,0.0263542125
train,frame_00015824,1,soldier,0.207813,0.369382,0.076762381566
train,frame_00015933,1,soldier,0.332031,0.426389,0.141574366059
train,frame_00016222,1,soldier,0.20625,0.805556,0.166145925
train,frame_00016222,1,soldier,0.049479,0.200926,0.009941617554
train,frame_00016584,0,vehicle,0.050781,0.073611,0.003738040191
train,frame_00017205,1,soldier,0.041406,0.174716,0.007234290696
train,frame_00017220,1,soldier,0.057031,0.09517,0.00542764027
train,frame_00017415,1,soldier,0.019271,0.089552,0.0017257565920000002
train,frame_00017415,1,soldier,0.022917,0.092351,0.002116407867
train,frame_00017468,1,soldier,0.031771,0.085821,0.002726618991
train,frame_00017468,1,soldier,0.022396,0.064366,0.001441540936
train,frame_00017468,1,soldier,0.051562,0.061567,0.0031745176539999995
train,frame_00017468,1,soldier,0.017188,0.07556,0.0012987252799999999
train,frame_00017468,1,soldier,0.01875,0.070896,0.0013293
train,frame_00017469,1,soldier,0.023438,0.070896,0.001661660448
train,frame_00017469,1,soldier,0.023438,0.074627,0.001749107626
train,frame_00017469,1,soldier,0.025521,0.073694,0.0018807445739999998
train,frame_00017469,1,soldier,0.027083,0.083955,0.002273753265
train,frame_00017469,1,soldier,0.036458,0.092351,0.003366932758
train,frame_00017469,1,soldier,0.039062,0.100746,0.003935340252
train,frame_00017469,1,soldier,0.041146,0.102612,0.004222073352
train,frame_00017488,1,soldier,0.184375,0.272388,0.0502215375
train,frame_00017488,1,soldier,0.19375,0.385261,0.07464431875000001
train,frame_00017488,1,soldier,0.101562,0.354478,0.036001494636000005
train,frame_00017994,1,soldier,0.060156,0.130556,0.007853726736
train,frame_00018120,1,soldier,0.339062,0.534722,0.181303910764
train,frame_00018129,1,soldier,0.122656,0.276389,0.033900769184
train,frame_00018211,0,vehicle,0.098437,0.211111,0.020781133506999998
train,frame_00018211,0,vehicle,0.150781,0.244444,0.036857510764
train,frame_00018366,0,vehicle,0.029687,0.031944,0.0009483215280000001
train,frame_00018366,0,vehicle,0.039062,0.056944,0.002224346528
train,frame_00018366,0,vehicle,0.040625,0.051389,0.002087678125
train,frame_00018366,0,vehicle,0.042188,0.034722,0.0014648517360000002
train,frame_00018603,0,vehicle,0.053125,0.101389,0.005386290625
train,frame_00018920,1,soldier,0.275781,0.486111,0.134060177691
train,frame_00019069,0,vehicle,0.151562,0.108491,0.016443112942
train,frame_00019269,0,vehicle,0.047656,0.084722,0.004037511632
train,frame_00019368,0,vehicle,0.053125,0.075,0.003984375
train,frame_00019368,0,vehicle,0.054688,0.058333,0.0031901151040000003
train,frame_00019818,0,vehicle,0.058594,0.058333,0.0034179638020000003
train,frame_00019818,0,vehicle,0.049219,0.059722,0.002939457118
train,frame_00019818,0,vehicle,0.048438,0.066667,0.0032292161460000003
train,frame_00019818,0,vehicle,0.044531,0.061111,0.002721333941
train,frame_00019917,1,soldier,0.250781,0.292899,0.073453504119
train,frame_00020225,1,soldier,0.415179,0.419512,0.174172572648
train,frame_00020347,1,soldier,0.421875,0.419512,0.176981625
train,frame_00020347,1,soldier,0.580357,0.179268,0.104039438676
train,frame_00020553,1,soldier,0.017969,0.049716,0.000893346804
train,frame_00020553,1,soldier,0.0125,0.048295,0.0006036875000000001
train,frame_00020553,1,soldier,0.011719,0.044034,0.000516034446
train,frame_00020553,1,soldier,0.007812,0.046875,0.00036618750000000003
train,frame_00020553,1,soldier,0.013281,0.046875,0.0006225468749999999
train,frame_00020553,1,soldier,0.014063,0.042614,0.000599280682
train,frame_00020553,1,soldier,0.0125,0.051136,0.0006392
train,frame_00020553,1,soldier,0.014063,0.056818,0.0007990315340000001
train,frame_00020553,1,soldier,0.019531,0.051136,0.000998737216
train,frame_00020564,0,vehicle,0.085156,0.09375,0.007983375
train,frame_00020630,0,vehicle,0.324128,0.113281,0.036717543968000005
train,frame_00021002,0,vehicle,0.032031,0.036111,0.0011566714409999997
train,frame_00021002,0,vehicle,0.028906,0.040278,0.001164275868
train,frame_00021002,0,vehicle,0.028906,0.036111,0.001043824566
train,frame_00021186,1,soldier,0.017188,0.055556,0.000954896528
train,frame_00021186,1,soldier,0.022656,0.052778,0.0011957383679999998
train,frame_00021186,0,vehicle,0.078125,0.095833,0.007486953125
train,frame_00021236,0,vehicle,0.134375,0.169444,0.022769037500000002
train,frame_00021416,1,soldier,0.734722,0.307812,0.22615624826399996
train,frame_00021416,1,soldier,0.538889,0.274219,0.14777360269099998
train,frame_00021561,1,soldier,0.133594,0.358333,0.047871138802
train,frame_00021561,1,soldier,0.102344,0.252778,0.025870311632
train,frame_00021586,1,soldier,0.057813,0.148611,0.008591647743000001
train,frame_00021586,1,soldier,0.0625,0.1875,0.01171875
train,frame_00021586,1,soldier,0.108594,0.125,0.01357425
train,frame_00021587,1,soldier,0.053125,0.105556,0.0056076625
train,frame_00021587,1,soldier,0.069531,0.116667,0.008111973177
train,frame_00021587,1,soldier,0.06875,0.086111,0.00592013125
train,frame_00021677,1,soldier,0.125521,0.207407,0.026033934047
train,frame_00021677,1,soldier,0.125521,0.25,0.03138025
train,frame_00021679,1,soldier,0.121354,0.217593,0.026405780922
train,frame_00021679,1,soldier,0.122396,0.246296,0.030145645216
train,frame_00021682,1,soldier,0.058333,0.10463,0.00610338179
train,frame_00021682,1,soldier,0.052604,0.093519,0.004919473476
train,frame_00021944,1,soldier,0.069531,0.079167,0.005504560677
train,frame_00021944,1,soldier,0.103125,0.091667,0.009453159374999999
train,frame_00021944,1,soldier,0.086719,0.155556,0.013489660764000001
train,frame_00021944,1,soldier,0.05625,0.130556,0.007343775
train,frame_00022612,1,soldier,0.15684,0.12234,0.0191878056
train,frame_00022735,1,soldier,0.080469,0.292614,0.023546355966
train,frame_00023021,0,vehicle,0.060142,0.066667,0.004009486714
train,frame_00023071,1,soldier,0.184375,0.620833,0.114466084375
train,frame_00023735,1,soldier,0.04717,0.107143,0.0050539353099999995
train,frame_00025276,0,vehicle,0.141406,0.198611,0.028084787066
train,frame_00025389,1,soldier,0.122396,0.282649,0.034595107004
train,frame_00025782,0,vehicle,0.038281,0.1,0.0038281000000000005
train,frame_00025997,0,vehicle,0.128125,0.137784,0.017653574999999998
train,frame_00025997,1,soldier,0.028125,0.106534,0.0029962687500000003
train,frame_00026755,0,vehicle,0.04375,0.048828,0.002136225
train,frame_00026755,0,vehicle,0.051562,0.079102,0.004078657324
train,frame_00026913,1,soldier,0.139583,0.43097,0.060156085510000006
train,frame_00026913,1,soldier,0.347917,0.275187,0.095742235479
train,frame_00026975,1,soldier,0.121094,0.259669,0.031444357885999995
train,frame_00026975,1,soldier,0.141406,0.212707,0.030078046042
train,frame_00027303,1,soldier,0.1875,0.354978,0.066558375
train,frame_00027303,1,soldier,0.040094,0.032468,0.001301771992
train,frame_00027303,1,soldier,0.274764,0.222944,0.061256985216
train,frame_00027724,0,vehicle,0.378906,0.47017,0.17815023402
train,frame_00027733,1,soldier,0.207813,0.440278,0.091495492014
train,frame_00027937,1,soldier,0.255729,0.75603,0.19333879587
train,frame_00028443,1,soldier,0.072656,0.143056,0.010393876735999999
train,frame_00028548,1,soldier,0.190625,0.465278,0.08869361875
train,frame_00028681,1,soldier,0.033594,0.113889,0.003825987066
train,frame_00029189,0,vehicle,0.135937,0.116667,0.015859361979
train,frame_00029189,0,vehicle,0.115625,0.176389,0.020394978125
train,frame_00029189,0,vehicle,0.135156,0.2,0.027031200000000002
train,frame_00029462,0,vehicle,0.294792,0.639925,0.18864477059999998
train,frame_00030283,1,soldier,0.382812,0.848611,0.324858474132
train,frame_00030283,1,soldier,0.09375,0.325,0.030468750000000003
train,frame_00030536,1,soldier,0.030469,0.1,0.0030469
train,frame_00030585,0,vehicle,0.165625,0.150552,0.024935174999999997
train,frame_00030901,1,soldier,0.044792,0.1,0.0044792
train,frame_00030901,1,soldier,0.053646,0.101852,0.0054639523919999995
train,frame_00030901,1,soldier,0.04375,0.111111,0.0048611062499999995
train,frame_00031114,1,soldier,0.279167,0.272656,0.076116557552
train,frame_00031114,1,soldier,0.609722,0.364063,0.22197722048600002
train,frame_00031477,1,soldier,0.078125,0.319963,0.024997109375
train,frame_00031477,1,soldier,0.107813,0.272388,0.029366967444000004
train,frame_00031717,0,vehicle,0.08125,0.118056,0.00959205
train,frame_00031717,0,vehicle,0.114844,0.136111,0.015631531684000003
train,frame_00031717,0,vehicle,0.065625,0.125,0.008203125
train,frame_00032060,1,soldier,0.041406,0.061111,0.0025303620659999997
train,frame_00032060,1,soldier,0.023438,0.066667,0.001562541146
train,frame_00032060,1,soldier,0.030469,0.076389,0.002327496441
train,frame_00032083,0,vehicle,0.044531,0.052778,0.002350257118
train,frame_00032100,0,vehicle,0.157031,0.175,0.027480425
train,frame_00032443,0,vehicle,0.036719,0.040365,0.001482162435
train,frame_00032443,0,vehicle,0.029687,0.040365,0.001198315755
train,frame_00032443,0,vehicle,0.032031,0.039062,0.001251194922
train,frame_00032443,0,vehicle,0.045312,0.053385,0.00241898112
train,frame_00032469,1,soldier,0.017188,0.047222,0.0008116517359999999
train,frame_00032469,0,vehicle,0.035937,0.059722,0.0021462295139999996
train,frame_00032469,0,vehicle,0.040625,0.070833,0.002877590625
train,frame_00032899,1,soldier,0.227344,0.954167,0.21692414244799998
train,frame_00033156,1,soldier,0.084375,0.140625,0.011865234375
train,frame_00033291,1,soldier,0.206771,0.255597,0.052850047287000004
train,frame_00033502,0,vehicle,0.130896,0.15,0.0196344
train,frame_00033612,0,vehicle,0.119531,0.244444,0.029218635764
train,frame_00033643,0,vehicle,0.1,0.106944,0.0106944
train,frame_00034533,1,soldier,0.021354,0.047222,0.0010083785880000001
train,frame_00034533,1,soldier,0.017188,0.030556,0.000525196528
train,frame_00034688,1,soldier,0.063021,0.078704,0.004960004783999999
train,frame_00034688,1,soldier,0.036458,0.058333,0.0021267045139999998
train,frame_00034736,1,soldier,0.040104,0.085185,0.00341625924
train,frame_00034736,1,soldier,0.042188,0.078704,0.003320364352
train,frame_00034736,1,soldier,0.039062,0.065741,0.002567974942
train,frame_00034736,1,soldier,0.029687,0.067593,0.002006633391
train,frame_00034736,1,soldier,0.030208,0.056481,0.001706178048
train,frame_00034929,1,soldier,0.307031,0.208564,0.064035613484
train,frame_00035557,1,soldier,0.030208,0.028704,0.000867090432
train,frame_00035557,1,soldier,0.031771,0.043519,0.0013826421490000002
train,frame_00035557,1,soldier,0.032292,0.040741,0.001315608372
train,frame_00035557,1,soldier,0.032292,0.027778,0.0008970071760000001
train,frame_00035670,1,soldier,0.280208,0.59537,0.16682743696
train,frame_00036298,0,vehicle,0.238281,0.258333,0.06155584557299999
train,frame_00036385,0,vehicle,0.492188,0.386111,0.190039200868
train,frame_00036385,1,soldier,0.121875,0.238889,0.029114596875
train,frame_00036678,1,soldier,0.145313,0.663889,0.096471702257
train,frame_00036777,0,vehicle,0.161719,0.338889,0.054804790191
train,frame_00037651,0,vehicle,0.05625,0.075,0.00421875
train,frame_00037651,0,vehicle,0.075781,0.080556,0.006104614236
train,frame_00037651,0,vehicle,0.069531,0.098611,0.0068565214409999995
train,frame_00037714,0,vehicle,0.077083,0.117537,0.009060104571
train,frame_00037748,0,vehicle,0.04375,0.077778,0.0034027874999999997
train,frame_00037748,1,soldier,0.010417,0.023148,0.00024113271599999995
train,frame_00037748,1,soldier,0.007812,0.025,0.00019530000000000003
train,frame_00037748,1,soldier,0.008854,0.027778,0.000245946412
train,frame_00037748,1,soldier,0.010937,0.030556,0.000334190972
train,frame_00037748,1,soldier,0.010417,0.024074,0.000250778858
train,frame_00037748,1,soldier,0.013542,0.022222,0.000300930324
train,frame_00037748,1,soldier,0.011979,0.023148,0.00027728989199999997
train,frame_00037748,1,soldier,0.010937,0.023148,0.000253169676
train,frame_00037748,0,vehicle,0.064062,0.071296,0.004567364351999999
train,frame_00037748,1,soldier,0.0125,0.036111,0.0004513875
train,frame_00037824,1,soldier,0.349057,0.294118,0.102663946726
train,frame_00038178,0,vehicle,0.024764,0.036797,0.0009112409080000002
train,frame_00038178,0,vehicle,0.027123,0.04329,0.00117415467
train,frame_00038384,0,vehicle,0.096875,0.173611,0.016818565625
train,frame_00038664,1,soldier,0.076563,0.142593,0.010917347859
train,frame_00038905,1,soldier,0.105469,0.106944,0.011279276735999998
train,frame_00038983,1,soldier,0.016406,0.030556,0.000501301736
train,frame_00038983,1,soldier,0.017188,0.031944,0.0005490534719999999
train,frame_00038983,1,soldier,0.017969,0.031944,0.000574001736
train,frame_00038983,1,soldier,0.015625,0.027778,0.00043403125
train,frame_00038983,1,soldier,0.017188,0.031944,0.0005490534719999999
train,frame_00039217,1,soldier,0.693878,0.433333,0.300680235374
train,frame_00039479,1,soldier,0.254688,0.616667,0.157057684896
train,frame_00039488,1,soldier,0.135156,0.636111,0.085974218316
train,frame_00039488,1,soldier,0.211719,0.5125,0.10850598749999998
train,frame_00039697,0,vehicle,0.617188,0.206522,0.127462900136
train,frame_00039823,1,soldier,0.176136,0.168269,0.029638228583999997
train,frame_00040208,0,vehicle,0.064844,0.094444,0.006124126736
train,frame_00040718,1,soldier,0.0625,0.154167,0.0096354375
train,frame_00041135,1,soldier,0.532031,0.8,0.4256248
train,frame_00041135,1,soldier,0.219531,0.955556,0.20977416423599998
train,frame_00041427,1,soldier,0.803125,0.748134,0.6008451187499999
train,frame_00041622,0,vehicle,0.325781,0.476389,0.155198484809
train,frame_00041838,1,soldier,0.311719,0.613372,0.19119970646800002
train,frame_00041838,0,vehicle,0.115625,0.389535,0.045039984375
train,frame_00041907,0,vehicle,0.053906,0.133333,0.007187448698000001
train,frame_00041907,0,vehicle,0.045312,0.163889,0.007426138368
train,frame_00041907,0,vehicle,0.035156,0.122222,0.004296836632
train,frame_00041917,0,vehicle,0.05625,0.140278,0.0078906375
train,frame_00042025,0,vehicle,0.289062,0.354167,0.102376221354
train,frame_00042349,0,vehicle,0.171875,0.141667,0.024349015624999998
train,frame_00042611,1,soldier,0.077344,0.216667,0.016757892447999998
train,frame_00042611,1,soldier,0.088281,0.141667,0.012506504427
train,frame_00043047,1,soldier,0.135937,0.665741,0.09049883431700001
train,frame_00043047,1,soldier,0.125,0.427778,0.05347225
train,frame_00043047,1,soldier,0.157292,0.471296,0.07413109043199999
train,frame_00043368,1,soldier,0.507812,0.380597,0.19327172376400004
train,frame_00043377,1,soldier,0.201563,0.482276,0.097208997388
train,frame_00043774,1,soldier,0.467969,0.802083,0.375349979427
train,frame_00043867,0,vehicle,0.29375,0.406077,0.11928511875000002
train,frame_00043948,1,soldier,0.142708,0.36847,0.05258361676
train,frame_00044182,1,soldier,0.050708,0.094937,0.004814065396
train,frame_00044182,1,soldier,0.080189,0.07173,0.0057519569699999995
train,frame_00044182,1,soldier,0.095519,0.059072,0.005642498368
train,frame_00044182,1,soldier,0.058962,0.101266,0.005970845892
train,frame_00044313,1,soldier,0.379688,0.623148,0.23660181782400003
train,frame_00044617,1,soldier,0.090625,0.296296,0.026851825
train,frame_00044762,1,soldier,0.270833,0.665741,0.180304632253
train,frame_00044966,0,vehicle,0.309375,0.335938,0.10393081875000001
train,frame_00044976,0,vehicle,0.107813,0.1625,0.0175196125
train,frame_00045489,1,soldier,0.085938,0.197143,0.016942075134
train,frame_00045520,1,soldier,0.209375,0.587143,0.12293306562499999
train,frame_00045916,1,soldier,0.305425,0.357311,0.10913171217499999
train,frame_00046557,1,soldier,0.103125,0.126866,0.01308305625
train,frame_00046594,1,soldier,0.115625,0.241667,0.027942746875
train,frame_00047012,1,soldier,0.025781,0.051389,0.0013248598089999999
train,frame_00047012,1,soldier,0.022656,0.054167,0.0012272075519999999
train,frame_00047012,1,soldier,0.027344,0.072222,0.001974838368
train,frame_00047012,1,soldier,0.032031,0.038889,0.001245653559
train,frame_00047012,1,soldier,0.027344,0.065278,0.0017849616320000001
train,frame_00047012,1,soldier,0.023438,0.055556,0.0013021215280000001
train,frame_00047089,1,soldier,0.342969,0.865278,0.29676353038200004
train,frame_00047659,1,soldier,0.233594,0.266667,0.062291811197999994
train,frame_00047710,1,soldier,0.031771,0.102612,0.003260085852
train,frame_00047710,1,soldier,0.029167,0.106343,0.003101706281
train,frame_00047710,1,soldier,0.026562,0.095149,0.0025273477379999998
train,frame_00047710,1,soldier,0.017188,0.084888,0.001459054944
train,frame_00048008,0,vehicle,0.533333,0.342593,0.18271615246899997
train,frame_00048351,1,soldier,0.154688,0.370833,0.057363415104000004
train,frame_00048877,1,soldier,0.174219,0.606944,0.10574117673600002
train,frame_00049234,1,soldier,0.367925,0.627706,0.23094873005
train,frame_00049234,1,soldier,0.212264,0.619048,0.13140160467200002
train,frame_00049410,0,vehicle,0.172396,0.145522,0.025087410712
train,frame_00049494,1,soldier,0.069575,0.124214,0.00864218905
train,frame_00049630,1,soldier,0.119792,0.240672,0.028830580223999997
train,frame_00049630,1,soldier,0.16875,0.229478,0.0387244125
train,frame_00049632,1,soldier,0.173437,0.343284,0.059538147108
train,frame_00049696,0,vehicle,0.063281,0.087209,0.005518672729
train,frame_00050368,1,soldier,0.033333,0.109142,0.003638030286
train,frame_00050510,1,soldier,0.652083,0.804104,0.524342548632
train,frame_00050527,1,soldier,0.215104,0.471082,0.101331622528
train,frame_00050560,1,soldier,0.492188,0.537313,0.26445901084400003
train,frame_00050685,1,soldier,0.225781,0.273611,0.061776165191
train,frame_00050753,1,soldier,0.28184,0.787946,0.22207470063999998
train,frame_00051025,1,soldier,0.028906,0.086111,0.002489124566
train,frame_00051621,1,soldier,0.157812,0.459259,0.072476581308
train,frame_00051653,1,soldier,0.508152,0.514062,0.261221633424
train,frame_00051794,1,soldier,0.027123,0.056277,0.001526401071
train,frame_00051794,1,soldier,0.034198,0.064935,0.00222064713
train,frame_00051794,1,soldier,0.027123,0.047619,0.001291570137
train,frame_00051794,0,vehicle,0.075472,0.077922,0.005880929184
train,frame_00052861,1,soldier,0.057292,0.148321,0.008497606732
train,frame_00052947,1,soldier,0.127344,0.733333,0.09338555755200001
train,frame_00053038,0,vehicle,0.203125,0.334722,0.06799040625000001
train,frame_00053052,1,soldier,0.268868,0.484305,0.13021411674
train,frame_00053200,0,vehicle,0.030469,0.031944,0.000973301736
train,frame_00053267,0,vehicle,0.208594,0.413889,0.086334762066
train,frame_00053662,1,soldier,0.62931,0.566748,0.35666018388000004
train,frame_00053933,0,vehicle,0.089063,0.136194,0.012129846222000001
train,frame_00054315,0,vehicle,0.077604,0.132463,0.010279658652000001
train,frame_00054440,0,vehicle,0.141667,0.130597,0.018501285198999996
train,frame_00054440,1,soldier,0.034375,0.051306,0.00176364375
train,frame_00054440,1,soldier,0.026042,0.072761,0.001894841962
train,frame_00054440,1,soldier,0.054688,0.045709,0.002499733792
train,frame_00054440,1,soldier,0.048438,0.051306,0.002485160028
train,frame_00054440,1,soldier,0.038021,0.055037,0.002092561777
train,frame_00054440,1,soldier,0.032813,0.044776,0.0014692348880000002
train,frame_00054440,1,soldier,0.03125,0.041978,0.0013118125
train,frame_00055749,1,soldier,0.089583,0.335227,0.030030640341
train,frame_00056132,1,soldier,0.586719,0.398611,0.23387264730899998
train,frame_00056506,1,soldier,0.030469,0.127778,0.003893267882
train,frame_00056506,1,soldier,0.032031,0.108333,0.0034700143229999996
train,frame_00056506,1,soldier,0.041406,0.151389,0.006268412934
train,frame_00056506,1,soldier,0.034375,0.130556,0.0044878625
train,frame_00056548,1,soldier,0.070833,0.181481,0.012854843672999999
train,frame_00056548,1,soldier,0.054688,0.15,0.008203199999999999
train,frame_00056548,1,soldier,0.071354,0.122222,0.008721028588
train,frame_00056548,1,soldier,0.055208,0.134259,0.007412170871999999
train,frame_00057109,1,soldier,0.190625,0.315104,0.060066699999999994
train,frame_00057173,1,soldier,0.020047,0.0347,0.0006956309
train,frame_00057919,0,vehicle,0.08125,0.091667,0.00744794375
train,frame_00057919,0,vehicle,0.053125,0.058333,0.0030989406250000002
train,frame_00058101,1,soldier,0.1125,0.104167,0.0117187875
train,frame_00058224,1,soldier,0.046094,0.131944,0.006081826736000001
train,frame_00058224,1,soldier,0.057813,0.098611,0.005700997743
train,frame_00058290,1,soldier,0.030469,0.094444,0.002877614236
train,frame_00058290,1,soldier,0.025,0.094444,0.0023611
train,frame_00058290,1,soldier,0.028125,0.094444,0.0026562375000000003
train,frame_00058389,1,soldier,0.109375,0.516667,0.056510453125
train,frame_00058389,1,soldier,0.123438,0.5125,0.063261975
train,frame_00058389,1,soldier,0.042969,0.223611,0.009608341059
train,frame_00058553,1,soldier,0.207547,0.391667,0.081289310849
train,frame_00058553,1,soldier,0.213443,0.3125,0.0667009375
train,frame_00058774,1,soldier,0.255469,0.334722,0.08551109461800001
train,frame_00059525,1,soldier,0.086719,0.315278,0.027340592882
train,frame_00059530,1,soldier,0.19375,0.618056,0.11974835000000002
train,frame_00059579,0,vehicle,0.088281,0.075,0.006621075
train,frame_00059614,0,vehicle,0.057813,0.079167,0.0045768817710000005
train,frame_00059614,0,vehicle,0.045312,0.065278,0.002957876736
train,frame_00059614,1,soldier,0.011719,0.0375,0.0004394625
train,frame_00059614,1,soldier,0.019531,0.038889,0.000759541059
train,frame_00059614,1,soldier,0.014063,0.040278,0.000566429514
train,frame_00059614,1,soldier,0.015625,0.038889,0.000607640625
train,frame_00059614,1,soldier,0.015625,0.038889,0.000607640625
train,frame_00059614,0,vehicle,0.058594,0.098611,0.0057780129340000005
train,frame_00059827,1,soldier,0.258255,0.663793,0.171427861215
train,frame_00060082,1,soldier,0.380556,0.617188,0.234874596528
train,frame_00060251,1,soldier,0.04375,0.165278,0.0072309125
train,frame_00061476,0,vehicle,0.183594,0.175,0.032128949999999996
train,frame_00061608,1,soldier,0.139648,0.155469,0.021710934911999998
train,frame_00062292,0,vehicle,0.868056,0.189844,0.164795223264
train,frame_00062292,1,soldier,0.109722,0.103906,0.011400774132
train,frame_00062553,0,vehicle,0.236719,0.431944,0.102249351736
train,frame_00063012,0,vehicle,0.142689,0.277174,0.039549680886
train,frame_00063077,0,vehicle,0.732143,0.414842,0.30372366640599996
train,frame_00063422,0,vehicle,0.092188,0.068056,0.006273946528000001
train,frame_00063435,0,vehicle,0.126562,0.111111,0.014062430382000002
train,frame_00063615,1,soldier,0.48125,0.393056,0.1891582
train,frame_00063680,1,soldier,0.39459,0.407563,0.16082028417
train,frame_00063680,1,soldier,0.306903,0.303046,0.09300572653799999
train,frame_00064084,1,soldier,0.259943,0.420312,0.109257162216
train,frame_00064152,1,soldier,0.129167,0.167969,0.021696051823000002
train,frame_00064561,1,soldier,0.011719,0.031944,0.000374351736
train,frame_00064561,1,soldier,0.011719,0.036111,0.00042318480899999997
train,frame_00064561,1,soldier,0.007812,0.034722,0.00027124826400000006
train,frame_00064561,1,soldier,0.008594,0.040278,0.000346149132
train,frame_00064561,1,soldier,0.009375,0.033333,0.000312496875
train,frame_00064561,1,soldier,0.010937,0.048611,0.000531658507
train,frame_00064564,1,soldier,0.009375,0.029167,0.00027344062499999995
train,frame_00064564,1,soldier,0.007812,0.034722,0.00027124826400000006
train,frame_00064564,1,soldier,0.008594,0.026389,0.00022678706599999998
train,frame_00064564,1,soldier,0.009375,0.030556,0.0002864625
train,frame_00064564,1,soldier,0.009375,0.033333,0.000312496875
train,frame_00064564,1,soldier,0.009375,0.033333,0.000312496875
train,frame_00064564,1,soldier,0.010937,0.029167,0.000318999479
train,frame_00064564,1,soldier,0.008594,0.030556,0.000262598264
train,frame_00064624,0,vehicle,0.19375,0.170833,0.033098893750000004
train,frame_00064813,1,soldier,0.188281,0.295833,0.055699733073
train,frame_00064813,1,soldier,0.39375,0.493056,0.1941408
train,frame_00065073,1,soldier,0.085156,0.098611,0.008397318316
train,frame_00065128,1,soldier,0.077344,0.133333,0.010312507552
train,frame_00065128,1,soldier,0.1125,0.163889,0.018437512500000003
train,frame_00065128,1,soldier,0.085156,0.120833,0.010289654947999998
train,frame_00065202,1,soldier,0.331944,0.3125,0.1037325
train,frame_00065370,0,vehicle,0.202344,0.143056,0.028946523263999997
train,frame_00065459,0,vehicle,0.192217,0.281116,0.05403527417199999
train,frame_00065747,1,soldier,0.566038,0.997845,0.5648181881100001
train,frame_00065789,1,soldier,0.046875,0.125616,0.00588825
train,frame_00065789,1,soldier,0.040625,0.091133,0.003702278125
train,frame_00065789,1,soldier,0.035937,0.115764,0.004160210868
train,frame_00065831,1,soldier,0.133621,0.126179,0.016860164159
train,frame_00065994,0,vehicle,0.424528,0.301688,0.128075003264
train,frame_00066316,1,soldier,0.117708,0.326852,0.038473095215999994
train,frame_00066386,1,soldier,0.254688,0.727778,0.18535632326400003
train,frame_00067032,1,soldier,0.212264,0.77521,0.16454917544
train,frame_00067032,1,soldier,0.222877,0.808824,0.180268266648
train,frame_00067459,1,soldier,0.135937,0.492523,0.066952099051
train,frame_00067818,0,vehicle,0.123397,0.045673,0.005635911181
train,frame_00067828,0,vehicle,0.280469,0.4875,0.1367286375
train,frame_00067828,0,vehicle,0.067969,0.104167,0.007080126823
train,frame_00067844,1,soldier,0.290625,0.7625,0.22160156250000002
train,frame_00068064,0,vehicle,0.045833,0.02,0.00091666
train,frame_00068843,1,soldier,0.303906,0.601389,0.182765725434
train,frame_00069027,0,vehicle,0.701302,0.647222,0.453898083044
train,frame_00069027,0,vehicle,0.291927,0.557407,0.162722153289
train,frame_00069245,1,soldier,0.426389,0.575,0.24517367499999998
train,frame_00069362,1,soldier,0.04375,0.108333,0.00473956875
train,frame_00069362,1,soldier,0.033594,0.141667,0.004759161198
train,frame_00070979,0,vehicle,0.407813,0.436111,0.177851735243
train,frame_00071008,0,vehicle,0.090625,0.123611,0.011202246875
train,frame_00071124,1,soldier,0.029687,0.106944,0.003174846528
train,frame_00071404,1,soldier,0.145313,0.118056,0.017155071528
train,frame_00071736,1,soldier,0.025,0.049074,0.00122685
train,frame_00071736,1,soldier,0.020313,0.041667,0.0008463817710000001
train,frame_00071817,0,vehicle,0.396094,0.442708,0.175353982552
train,frame_00071817,0,vehicle,0.008594,0.032292,0.00027751744799999996
train,frame_00071941,0,vehicle,0.141406,0.130556,0.018461401736000003
train,frame_00073388,1,soldier,0.178906,0.384722,0.068829074132
train,frame_00073500,1,soldier,0.220312,0.786111,0.17318968663200002
train,frame_00074579,0,vehicle,0.22619,0.129762,0.02935086678
train,frame_00075000,1,soldier,0.121875,0.386111,0.047057278125
train,frame_00075000,1,soldier,0.105469,0.188889,0.019921933941
train,frame_00075142,0,vehicle,0.069531,0.051042,0.0035490013019999996
train,frame_00076373,1,soldier,0.224057,0.418239,0.09370937562300001
train,frame_00077430,1,soldier,0.21816,0.481092,0.10495503072
train,frame_00077861,1,soldier,0.142689,0.365546,0.052159393194
train,frame_00077919,0,vehicle,0.088443,0.056723,0.0050167522889999995
train,frame_00078231,0,vehicle,0.182031,0.262695,0.047818633545
train,frame_00078231,1,soldier,0.053906,0.121094,0.0065276931639999996
train,frame_00078231,1,soldier,0.05625,0.108398,0.0060973875
train,frame_00078384,0,vehicle,0.219216,0.091667,0.020094873072
train,frame_00078384,1,soldier,0.227612,0.047396,0.010787898352000001
train,frame_00078781,1,soldier,0.096094,0.315278,0.030296324132
train,frame_00078852,1,soldier,0.203906,0.619444,0.126308348264
train,frame_00079159,1,soldier,0.051562,0.2,0.0103124
train,frame_00079380,1,soldier,0.40566,0.272374,0.11049123684
train,frame_00079558,1,soldier,0.24375,0.477778,0.1164583875
train,frame_00079634,1,soldier,0.067187,0.1125,0.0075585374999999995
train,frame_00080976,0,vehicle,0.285156,0.544444,0.15525147326400002
train,frame_00080976,0,vehicle,0.01875,0.019444,0.00036457499999999996
train,frame_00080976,0,vehicle,0.10625,0.115278,0.0122482875
train,frame_00082811,0,vehicle,0.049219,0.094444,0.004648439236
train,frame_00083012,1,soldier,0.149219,0.331944,0.049532351736
train,frame_00083046,0,vehicle,0.164062,0.27037,0.044357442940000005
train,frame_00083104,0,vehicle,0.025521,0.042593,0.0010870159529999999
train,frame_00083104,0,vehicle,0.026562,0.047222,0.001254310764
train,frame_00083104,0,vehicle,0.033333,0.044444,0.001481451852
train,frame_00083104,0,vehicle,0.0375,0.04537,0.001701375
train,frame_00083204,0,vehicle,0.125,0.166667,0.020833375
train,frame_00083222,0,vehicle,0.045312,0.102778,0.004657076735999999
train,frame_00084025,0,vehicle,0.121462,0.127155,0.015444500609999998
train,frame_00084508,0,vehicle,0.025781,0.041667,0.001074216927
train,frame_00084508,0,vehicle,0.019531,0.036111,0.0007052839409999999
train,frame_00084508,0,vehicle,0.021875,0.023611,0.000516490625
train,frame_00084908,0,vehicle,0.052083,0.153704,0.008005365432
train,frame_00085935,0,vehicle,0.058594,0.166667,0.009765686198000001
train,frame_00085935,1,soldier,0.01875,0.052778,0.0009895874999999998
train,frame_00085935,1,soldier,0.017188,0.061111,0.0010503758679999999
train,frame_00085935,1,soldier,0.011719,0.0375,0.0004394625
train,frame_00085935,1,soldier,0.017188,0.041667,0.000716172396
train,frame_00086040,1,soldier,0.032031,0.109722,0.0035145053819999996
train,frame_00087699,1,soldier,0.2,0.576852,0.11537040000000001
train,frame_00087730,1,soldier,0.232292,0.218519,0.050760215548
train,frame_00087730,1,soldier,0.091667,0.296296,0.027160565432
train,frame_00087915,1,soldier,0.141406,0.234722,0.033191099131999996
train,frame_00088621,1,soldier,0.11875,0.151389,0.01797744375
train,frame_00088631,1,soldier,0.146875,0.177778,0.02611114375
train,frame_00088763,1,soldier,0.095312,0.148611,0.014164411632
train,frame_00089079,1,soldier,0.10625,0.111111,0.01180554375
train,frame_00089079,1,soldier,0.054688,0.098611,0.005392838368
train,frame_00089079,1,soldier,0.055469,0.088889,0.004930583941
train,frame_00089176,1,soldier,0.241406,0.458333,0.110644336198
train,frame_00089405,1,soldier,0.109375,0.331944,0.036306375
train,frame_00089405,1,soldier,0.05625,0.195833,0.01101560625
train,frame_00089558,1,soldier,0.038281,0.0875,0.0033495875
train,frame_00089558,1,soldier,0.034375,0.081944,0.0028168250000000002
train,frame_00089558,1,soldier,0.067187,0.2,0.0134374
train,frame_00089598,1,soldier,0.059375,0.251389,0.014926221874999998
train,frame_00089598,1,soldier,0.064062,0.229167,0.014680896354
train,frame_00089818,1,soldier,0.060937,0.127778,0.007786407986
train,frame_00089818,1,soldier,0.067969,0.113889,0.007740921441000001
train,frame_00090392,1,soldier,0.060156,0.066667,0.0040104200520000004
train,frame_00090392,1,soldier,0.032031,0.122222,0.003914892882
train,frame_00090487,1,soldier,0.082812,0.1875,0.01552725
train,frame_00090721,1,soldier,0.054688,0.1125,0.006152400000000001
train,frame_00090861,1,soldier,0.042188,0.252778,0.010664198264
train,frame_00090861,1,soldier,0.053906,0.268056,0.014449826736000001
train,frame_00090861,1,soldier,0.063281,0.184722,0.011689392882
train,frame_00091198,1,soldier,0.016406,0.05,0.0008203
train,frame_00091198,1,soldier,0.014844,0.047222,0.000700963368
train,frame_00091198,1,soldier,0.014063,0.047222,0.000664082986
train,frame_00091198,1,soldier,0.010156,0.038889,0.000394956684
train,frame_00091198,1,soldier,0.013281,0.044444,0.000590260764
train,frame_00091198,1,soldier,0.014063,0.040278,0.000566429514
train,frame_00091610,1,soldier,0.667969,0.506944,0.338622876736
train,frame_00091631,1,soldier,0.090625,0.090278,0.00818144375
train,frame_00091631,1,soldier,0.071094,0.093056,0.006615723264
train,frame_00091631,1,soldier,0.073438,0.129167,0.009485766146
train,frame_00091631,1,soldier,0.047656,0.083333,0.003971317448
train,frame_00091746,1,soldier,0.064062,0.134766,0.008633379492
train,frame_00091996,0,vehicle,0.080189,0.239583,0.019211921187
train,frame_00091996,0,vehicle,0.096698,0.195833,0.018936659434
train,frame_00091996,0,vehicle,0.107311,0.11875,0.012743181249999999
train,frame_00092762,1,soldier,0.026562,0.065278,0.001733914236
train,frame_00092762,1,soldier,0.039844,0.058333,0.002324220052
train,frame_00092762,1,soldier,0.024219,0.047222,0.001143669618
train,frame_00092817,0,vehicle,0.287946,0.094891,0.027323483885999998
train,frame_00092817,0,vehicle,0.651786,0.425791,0.277524612726
train,frame_00094037,1,soldier,0.023958,0.027778,0.000665505324
train,frame_00095105,1,soldier,0.192188,0.665278,0.127858448264
train,frame_00095164,1,soldier,0.301563,0.906944,0.27350075347200004
train,frame_00095245,1,soldier,0.293632,0.443262,0.130155907584
train,frame_00095245,1,soldier,0.288915,0.420213,0.12140583889499999
train,frame_00095481,0,vehicle,0.100781,0.114286,0.011517857365999999
train,frame_00095873,1,soldier,0.271094,0.844444,0.228923701736
train,frame_00095874,1,soldier,0.21875,0.483333,0.10572909375
train,frame_00096113,0,vehicle,0.192188,0.159091,0.030575381108
train,frame_00096113,0,vehicle,0.202344,0.1875,0.0379395
train,frame_00096128,0,vehicle,0.35625,0.228774,0.0815007375
train,frame_00096388,1,soldier,0.078125,0.288889,0.022569453125
train,frame_00097036,1,soldier,0.185156,0.1375,0.02545895
train,frame_00097036,1,soldier,0.135937,0.233333,0.031718588021
train,frame_00097036,1,soldier,0.175,0.123611,0.021631925
train,frame_00097141,1,soldier,0.483594,0.684722,0.33112745086800005
train,frame_00097245,1,soldier,0.157031,0.3625,0.0569237375
train,frame_00097444,0,vehicle,0.485938,0.505556,0.245668871528
train,frame_00097592,1,soldier,0.067187,0.098611,0.006625377257
train,frame_00097592,1,soldier,0.057031,0.1125,0.0064159875
train,frame_00097664,1,soldier,0.171094,0.291667,0.049902473698
train,frame_00097780,1,soldier,0.164062,0.430556,0.07063787847200001
train,frame_00098029,0,vehicle,0.479687,0.593315,0.284605492405
train,frame_00098420,0,vehicle,0.042188,0.1,0.004218800000000001
train,frame_00098537,0,vehicle,0.080189,0.1625,0.0130307125
train,frame_00098657,1,soldier,0.270047,0.54375,0.14683805625
train,frame_00099532,1,soldier,0.095312,0.166667,0.015885365104
train,frame_00100061,1,soldier,0.105556,0.140625,0.0148438125
train,frame_00100152,1,soldier,0.418056,0.521094,0.21784647326399997
train,frame_00100350,0,vehicle,0.10625,0.088889,0.009444456249999999
train,frame_00100350,0,vehicle,0.09375,0.146296,0.013715250000000002
train,frame_00100350,0,vehicle,0.071354,0.139815,0.00997635951
train,frame_00100350,1,soldier,0.021875,0.047222,0.00103298125
train,frame_00100350,1,soldier,0.019792,0.060185,0.00119118152
train,frame_00100350,1,soldier,0.023958,0.053704,0.0012866404320000001
train,frame_00100350,1,soldier,0.023438,0.048148,0.001128492824
train,frame_00100350,1,soldier,0.018229,0.060185,0.001097112365
train,frame_00100350,1,soldier,0.019792,0.053704,0.001062909568
train,frame_00100350,1,soldier,0.027083,0.055556,0.001504623148
train,frame_00100403,0,vehicle,0.066038,0.106695,0.0070459244099999995
train,frame_00100459,0,vehicle,0.048349,0.058577,0.0028321393730000003
train,frame_00100559,1,soldier,0.311979,0.487963,0.152234208777
train,frame_00100559,1,soldier,0.047917,0.014815,0.000709890355
train,frame_00100631,1,soldier,0.132292,0.305556,0.040422614351999994
train,frame_00100749,0,vehicle,0.4,0.446296,0.17851840000000002
train,frame_00100889,0,vehicle,0.117188,0.109259,0.012803843692
train,frame_00100936,0,vehicle,0.234896,0.19537,0.04589163152
train,frame_00100936,0,vehicle,0.223958,0.168519,0.037741178202
train,frame_00101098,0,vehicle,0.290625,0.634259,0.18433152187500002
train,frame_00101300,0,vehicle,0.838362,0.351942,0.295054799004
train,frame_00101705,1,soldier,0.107031,0.334722,0.035825630382000005
train,frame_00102093,0,vehicle,0.271094,0.295833,0.080198551302
train,frame_00102093,1,soldier,0.042188,0.130556,0.0055078965280000005
train,frame_00102300,0,vehicle,0.063679,0.106061,0.006753858419
train,frame_00103261,0,vehicle,0.028125,0.061111,0.001718746875
train,frame_00103326,0,vehicle,0.085938,0.111111,0.009548657118
train,frame_00103787,0,vehicle,0.054688,0.114062,0.006237822656
train,frame_00103822,1,soldier,0.032813,0.073611,0.002415397743
train,frame_00104476,0,vehicle,0.022656,0.034722,0.000786661632
train,frame_00104476,0,vehicle,0.026562,0.019444,0.000516471528
train,frame_00104835,1,soldier,0.060937,0.192593,0.011736039640999998
train,frame_00105038,0,vehicle,0.085156,0.144444,0.012300273263999998
train,frame_00105038,0,vehicle,0.102344,0.151389,0.015493755816
train,frame_00105124,1,soldier,0.104688,0.123611,0.012940588368
train,frame_00105433,0,vehicle,0.103906,0.181944,0.018905073264
train,frame_00105705,1,soldier,0.088021,0.339815,0.029910856115
train,frame_00105862,0,vehicle,0.250781,0.177778,0.044583344617999995
train,frame_00106170,0,vehicle,0.2625,0.206944,0.0543228
train,frame_00106409,0,vehicle,0.190625,0.226389,0.043155403125
train,frame_00106513,0,vehicle,0.064062,0.070833,0.004537703645999999
train,frame_00106560,0,vehicle,0.078125,0.075,0.005859375
train,frame_00106770,0,vehicle,0.079009,0.054852,0.004333801668
train,frame_00106770,0,vehicle,0.083726,0.054852,0.004592538552
train,frame_00106770,0,vehicle,0.068396,0.056962,0.003895972952
train,frame_00106770,0,vehicle,0.075472,0.078059,0.005891268848
train,frame_00107182,0,vehicle,0.098437,0.097222,0.009570242014
train,frame_00107362,0,vehicle,0.077344,0.1375,0.0106348
train,frame_00107754,0,vehicle,0.489063,0.421296,0.206040285648
train,frame_00107818,1,soldier,0.126562,0.340741,0.043124862442000006
train,frame_00108044,1,soldier,0.036979,0.110185,0.004074531115
train,frame_00108044,1,soldier,0.044271,0.103704,0.004591079784
train,frame_00108044,1,soldier,0.048438,0.099074,0.004798946412
train,frame_00108066,1,soldier,0.033333,0.10463,0.00348763179
train,frame_00108627,1,soldier,0.225236,0.336134,0.07570947762399999
train,frame_00108765,0,vehicle,0.08125,0.081944,0.00665795
train,frame_00108765,0,vehicle,0.096875,0.072222,0.006996506249999999
train,frame_00109071,0,vehicle,0.061719,0.108333,0.006686204427
train,frame_00109363,0,vehicle,0.025,0.019444,0.0004861
train,frame_00109363,0,vehicle,0.024219,0.029167,0.000706395573
train,frame_00109949,1,soldier,0.041274,0.084034,0.0034684193159999995
train,frame_00109949,1,soldier,0.025943,0.063025,0.001635057575
train,frame_00109949,1,soldier,0.033019,0.073529,0.002427854051
train,frame_00110150,1,soldier,0.073438,0.131944,0.009689703472
train,frame_00110413,1,soldier,0.079687,0.265278,0.021139207986
train,frame_00110413,0,vehicle,0.292187,0.243056,0.071017803472
train,frame_00110873,1,soldier,0.222656,0.454167,0.10112300755199999
train,frame_00111046,1,soldier,0.371875,0.465278,0.17302525625
train,frame_00111917,1,soldier,0.051562,0.148611,0.007662680381999999
train,frame_00111917,1,soldier,0.046875,0.108333,0.005078109375
train,frame_00111917,1,soldier,0.096094,0.206944,0.019886076736
train,frame_00112169,1,soldier,0.054688,0.204167,0.011165484896
train,frame_00112169,1,soldier,0.063281,0.206944,0.013095623264
train,frame_00112230,1,soldier,0.041406,0.115278,0.004773200868
train,frame_00112230,1,soldier,0.032031,0.108333,0.0034700143229999996
train,frame_00112230,1,soldier,0.041406,0.115278,0.004773200868
train,frame_00112230,1,soldier,0.032031,0.0875,0.0028027124999999995
train,frame_00112260,0,vehicle,0.026562,0.084722,0.002250385764
train,frame_00112260,0,vehicle,0.030469,0.083333,0.002539073177
train,frame_00112260,0,vehicle,0.030469,0.065278,0.001988955382
train,frame_00112560,0,vehicle,0.029687,0.05,0.0014843500000000002
train,frame_00112593,0,vehicle,0.128906,0.130556,0.016829451736
train,frame_00112950,0,vehicle,0.353125,0.390278,0.13781691875000002
train,frame_00113026,0,vehicle,0.065625,0.113889,0.0074739656250000005
train,frame_00113353,0,vehicle,0.232031,0.331944,0.077021298264
train,frame_00113583,1,soldier,0.325,0.366667,0.11916677500000002
train,frame_00113872,1,soldier,0.05,0.118056,0.0059028
train,frame_00113881,1,soldier,0.142187,0.133333,0.018958219271000002
train,frame_00113881,1,soldier,0.123438,0.230556,0.028459371528000002
train,frame_00114447,1,soldier,0.128906,0.116667,0.015039076302
train,frame_00114447,1,soldier,0.078906,0.068056,0.0053700267360000005
train,frame_00114758,1,soldier,0.079167,0.240741,0.019058742747
train,frame_00114823,1,soldier,0.109375,0.393519,0.043041140625
train,frame_00114823,1,soldier,0.116146,0.29537,0.03430604402
train,frame_00114838,1,soldier,0.161979,0.355556,0.057592605324
train,frame_00114977,1,soldier,0.194792,0.439815,0.08567244348
train,frame_00115125,1,soldier,0.16875,0.449074,0.0757812375
train,frame_00115248,1,soldier,0.247396,0.622222,0.153935233912
train,frame_00115781,1,soldier,0.2625,0.431944,0.11338530000000001
train,frame_00115798,1,soldier,0.242969,0.8375,0.2034865375
train,frame_00116104,1,soldier,0.357031,0.556944,0.19884627326399998
train,frame_00116361,1,soldier,0.161719,0.238889,0.038632890191
train,frame_00116784,1,soldier,0.341406,0.994444,0.33950914826399997
train,frame_00118051,1,soldier,0.251563,0.827778,0.20823831701399997
train,frame_00118405,0,vehicle,0.04375,0.066667,0.00291668125
train,frame_00118872,1,soldier,0.042188,0.19,0.00801572
train,frame_00119054,1,soldier,0.057031,0.186111,0.010614096441
train,frame_00119054,1,soldier,0.034375,0.120833,0.0041536343750000005
train,frame_00119175,0,vehicle,0.05625,0.0875,0.004921875
train,frame_00119721,1,soldier,0.284375,0.309375,0.087978515625
train,frame_00119901,1,soldier,0.05625,0.081944,0.00460935
train,frame_00120191,1,soldier,0.367969,0.641667,0.23611356432299999
train,frame_00120501,0,vehicle,0.224206,0.254747,0.057115805882
train,frame_00120635,1,soldier,0.064062,0.070833,0.004537703645999999
train,frame_00120717,1,soldier,0.039062,0.144444,0.0056422715279999995
train,frame_00120717,1,soldier,0.053125,0.101389,0.005386290625
train,frame_00121838,1,soldier,0.034198,0.108333,0.0037047719339999997
train,frame_00121887,0,vehicle,0.194575,0.127083,0.024727174725
train,frame_00121887,0,vehicle,0.271226,0.308333,0.08362792625800002
train,frame_00122143,0,vehicle,0.036719,0.036111,0.001325959809
train,frame_00122527,1,soldier,0.164062,0.566667,0.09296852135400001
train,frame_00122856,1,soldier,0.339844,0.488889,0.166145993316
train,frame_00123195,1,soldier,0.092188,0.490278,0.045197748264000005
train,frame_00123206,1,soldier,0.067187,0.277778,0.018663070486
train,frame_00123206,1,soldier,0.058594,0.125,0.00732425
train,frame_00123808,1,soldier,0.41875,0.751389,0.31464414375
train,frame_00124300,1,soldier,0.376563,0.581944,0.219138578472
train,frame_00124660,1,soldier,0.103125,0.544444,0.0561457875
train,frame_00125279,1,soldier,0.068229,0.250926,0.017120430053999998
train,frame_00125279,1,soldier,0.078125,0.250926,0.01960359375
train,frame_00126217,0,vehicle,0.021094,0.040278,0.0008496241320000001
train,frame_00126217,0,vehicle,0.021094,0.027778,0.000585949132
train,frame_00126217,0,vehicle,0.041406,0.033333,0.001380186198
train,frame_00126217,0,vehicle,0.021094,0.026389,0.000556649566
train,frame_00126217,0,vehicle,0.024219,0.030556,0.000740035764
train,frame_00126217,0,vehicle,0.029687,0.030556,0.000907115972
train,frame_00126973,1,soldier,0.105469,0.384722,0.040576244617999996
train,frame_00127223,1,soldier,0.05625,0.2625,0.014765625000000001
train,frame_00127223,1,soldier,0.057813,0.198611,0.011482297743
train,frame_00127223,1,soldier,0.082031,0.201389,0.016520141059
train,frame_00127516,1,soldier,0.076563,0.223611,0.017120328993000002
train,frame_00127516,1,soldier,0.071875,0.241667,0.017369815624999996
train,frame_00127516,1,soldier,0.08125,0.231944,0.018845450000000003
train,frame_00127601,1,soldier,0.072656,0.152778,0.011100238368
train,frame_00127601,1,soldier,0.064844,0.176389,0.011437768316
train,frame_00127601,1,soldier,0.076563,0.119444,0.009144990972
train,frame_00127603,1,soldier,0.050781,0.181944,0.009239298263999999
train,frame_00127603,1,soldier,0.059375,0.168056,0.009978325
train,frame_00127603,1,soldier,0.057031,0.211111,0.012039871441
train,frame_00127604,0,vehicle,0.0625,0.069444,0.00434025
train,frame_00128327,0,vehicle,0.094531,0.094444,0.008927885764
train,frame_00128701,0,vehicle,0.092188,0.095833,0.008834652604000001
train,frame_00128737,1,soldier,0.219531,0.641667,0.140865798177
train,frame_00128929,0,vehicle,0.178125,0.140278,0.024987018750000003
train,frame_00129532,0,vehicle,0.46875,0.493056,0.23112
train,frame_00130375,0,vehicle,0.09375,0.066667,0.00625003125
train,frame_00130375,0,vehicle,0.044531,0.040278,0.0017936196180000001
train,frame_00130636,1,soldier,0.021875,0.0625,0.0013671875
train,frame_00131062,1,soldier,0.386111,0.563281,0.21748899019100001
train,frame_00131062,1,soldier,0.398611,0.355469,0.141693853559
train,frame_00132343,0,vehicle,0.917188,0.833333,0.764323027604
train,frame_00132844,0,vehicle,0.450781,0.547222,0.24667728038199999
train,frame_00133158,0,vehicle,0.063281,0.086111,0.005449190191
train,frame_00133527,0,vehicle,0.086458,0.128704,0.011127490432
train,frame_00133527,0,vehicle,0.094271,0.093519,0.008816129649
train,frame_00133527,0,vehicle,0.04375,0.094444,0.004131925
train,frame_00133527,0,vehicle,0.092708,0.143519,0.013305359452000001
train,frame_00133565,0,vehicle,0.070312,0.092593,0.006510399016
train,frame_00134013,0,vehicle,0.045312,0.075,0.0033983999999999998
train,frame_00134862,1,soldier,0.1,0.381944,0.0381944
train,frame_00135021,1,soldier,0.028125,0.077778,0.00218750625
train,frame_00135145,0,vehicle,0.067217,0.082386,0.005537739762
train,frame_00135472,1,soldier,0.09434,0.097345,0.0091835273
train,frame_00135472,1,soldier,0.09316,0.066372,0.00618321552
train,frame_00135473,1,soldier,0.076651,0.10177,0.00780077227
train,frame_00135473,1,soldier,0.097877,0.086283,0.008445121191
train,frame_00135980,1,soldier,0.110417,0.481481,0.053163687577
train,frame_00136254,1,soldier,0.038281,0.113889,0.004359784809
train,frame_00136254,1,soldier,0.049219,0.144444,0.007109389235999999
train,frame_00136267,1,soldier,0.035937,0.218056,0.007836278471999998
train,frame_00136286,1,soldier,0.057031,0.147222,0.008396217882
train,frame_00136286,1,soldier,0.035937,0.1,0.0035937
train,frame_00136286,1,soldier,0.0375,0.079167,0.0029687625
train,frame_00136632,1,soldier,0.05,0.098611,0.0049305500000000006
train,frame_00136632,1,soldier,0.054688,0.143056,0.007823446528
train,frame_00136632,1,soldier,0.063281,0.098611,0.0062402026910000005
train,frame_00136695,1,soldier,0.048438,0.172222,0.008342089236
train,frame_00136921,0,vehicle,0.053125,0.145833,0.007747378124999999
train,frame_00137347,1,soldier,0.079167,0.074219,0.005875695572999999
train,frame_00137588,0,vehicle,0.034375,0.066964,0.0023018875
train,frame_00137945,1,soldier,0.069531,0.126488,0.008794837128
train,frame_00137964,0,vehicle,0.109722,0.033594,0.003686000868
train,frame_00138720,1,soldier,0.192188,0.522222,0.10036480173599999
train,frame_00138823,1,soldier,0.244271,0.462037,0.11286224002699999
train,frame_00138933,1,soldier,0.077083,0.175,0.013489524999999999
train,frame_00139006,1,soldier,0.025,0.07037,0.0017592500000000002
train,frame_00139641,1,soldier,0.075781,0.165278,0.012524932118000001
train,frame_00139641,1,soldier,0.045312,0.166667,0.007552015104
train,frame_00139773,0,vehicle,0.028302,0.029481,0.000834371262
train,frame_00139773,0,vehicle,0.027123,0.024764,0.000671673972
train,frame_00139954,1,soldier,0.530469,0.4625,0.2453419125
train,frame_00139954,1,soldier,0.004687,0.019444,9.1134028e-05
train,frame_00140302,1,soldier,0.304245,0.340336,0.10354552632
train,frame_00140368,0,vehicle,0.652123,0.592437,0.386341793751
train,frame_00140400,1,soldier,0.044811,0.193277,0.008660935647
train,frame_00141430,1,soldier,0.190625,0.199074,0.03794848125
train,frame_00141430,1,soldier,0.395833,0.34537,0.13670884321000001
train,frame_00141503,1,soldier,0.070312,0.158333,0.011132709896
train,frame_00141550,0,vehicle,0.051042,0.057407,0.002930168094
train,frame_00141550,0,vehicle,0.057292,0.075926,0.004349952392
train,frame_00141550,0,vehicle,0.054688,0.069444,0.0037977534720000003
train,frame_00142101,1,soldier,0.169531,0.283333,0.04803372682299999
train,frame_00142296,1,soldier,0.067969,0.127778,0.008684942882
train,frame_00142302,1,soldier,0.022656,0.070833,0.0016047924479999998
train,frame_00142302,1,soldier,0.022656,0.05,0.0011328
train,frame_00142590,0,vehicle,0.022396,0.024074,0.000539161304
train,frame_00142808,0,vehicle,0.092708,0.138889,0.012876121412000001
train,frame_00143162,0,vehicle,0.0375,0.031481,0.0011805375000000001
train,frame_00143162,0,vehicle,0.065104,0.066667,0.004340288368
train,frame_00143162,0,vehicle,0.024479,0.032407,0.000793290953
train,frame_00143245,0,vehicle,0.060937,0.079167,0.004824199479
train,frame_00143621,0,vehicle,0.077344,0.091667,0.0070898924479999995
train,frame_00143735,1,soldier,0.055729,0.27963,0.01558350027
train,frame_00144237,0,vehicle,0.097396,0.130556,0.012715632176
train,frame_00144497,1,soldier,0.052083,0.103704,0.005401215432
train,frame_00144781,0,vehicle,0.055425,0.142857,0.007917849225
train,frame_00144963,1,soldier,0.035156,0.108333,0.003808554948
train,frame_00144963,1,soldier,0.092969,0.086111,0.008005653558999999
train,frame_00145210,1,soldier,0.101042,0.284259,0.028722097878
train,frame_00145210,1,soldier,0.088542,0.25,0.0221355
train,frame_00145210,1,soldier,0.072396,0.212037,0.015350630652000001
train,frame_00145905,0,vehicle,0.333333,0.47963,0.15987650678999998
train,frame_00146024,1,soldier,0.050781,0.134722,0.006841317882
train,frame_00146024,1,soldier,0.054688,0.125,0.006836
train,frame_00146024,1,soldier,0.071094,0.111111,0.007899325434000001
train,frame_00146393,1,soldier,0.057813,0.190278,0.011000542014000001
train,frame_00146402,1,soldier,0.083594,0.4125,0.034482525
train,frame_00146415,1,soldier,0.094531,0.259722,0.024551780382000003
train,frame_00146825,1,soldier,0.115625,0.191667,0.022161496875000002
train,frame_00147682,0,vehicle,0.024219,0.045833,0.001110029427
train,frame_00147682,0,vehicle,0.026562,0.045833,0.0012174161459999999
train,frame_00147929,0,vehicle,0.217188,0.155556,0.033784896528
train,frame_00147990,1,soldier,0.033594,0.094444,0.003172751736
train,frame_00147990,1,soldier,0.025,0.075,0.001875
train,frame_00148325,0,vehicle,0.033594,0.031944,0.0010731267359999999
train,frame_00148508,1,soldier,0.565625,0.671968,0.38008190000000003
train,frame_00148555,1,soldier,0.095312,0.326044,0.031075905727999998
train,frame_00149477,1,soldier,0.049479,0.188889,0.009346038831
train,frame_00149618,1,soldier,0.183594,0.377778,0.069357774132
train,frame_00150905,1,soldier,0.083333,0.109375,0.009114546875
train,frame_00151273,1,soldier,0.026562,0.061111,0.0016232303819999998
train,frame_00151273,1,soldier,0.027083,0.067593,0.001830621219
train,frame_00151813,0,vehicle,0.107813,0.172222,0.018567770485999998
train,frame_00151813,0,vehicle,0.173437,0.229167,0.039746036979000005
train,frame_00151813,0,vehicle,0.083594,0.222222,0.018576425868000002
train,frame_00152712,1,soldier,0.183854,0.305556,0.056177692823999995
train,frame_00152712,1,soldier,0.083854,0.165741,0.013898045813999999
train,frame_00153100,1,soldier,0.071429,0.183721,0.013123007309000002
train,frame_00153100,1,soldier,0.051522,0.160465,0.00826747773
train,frame_00153630,1,soldier,0.109375,0.268056,0.029318625
train,frame_00153685,0,vehicle,0.022396,0.025926,0.000580638696
train,frame_00153685,0,vehicle,0.020833,0.028704,0.0005979904320000001
train,frame_00153685,0,vehicle,0.013542,0.021296,0.000288390432
train,frame_00153772,1,soldier,0.089583,0.148148,0.013271542284
train,frame_00154173,1,soldier,0.31875,0.397222,0.1266145125
train,frame_00154173,1,soldier,0.196094,0.151389,0.029686474565999998
train,frame_00154505,0,vehicle,0.121875,0.151389,0.018450534374999997
train,frame_00155106,0,vehicle,0.130556,0.035937,0.004691790972
train,frame_00155591,1,soldier,0.076389,0.131111,0.010015438179
train,frame_00155725,0,vehicle,0.232292,0.299074,0.069472497608
train,frame_00156004,1,soldier,0.60625,0.881944,0.53467855
train,frame_00156115,1,soldier,0.053125,0.209722,0.01114148125
train,frame_00156115,1,soldier,0.098437,0.222222,0.021874867014
train,frame_00156241,1,soldier,0.2,0.325,0.065
train,frame_00156655,1,soldier,0.078125,0.322222,0.02517359375
train,frame_00156902,1,soldier,0.045312,0.200926,0.009104358912
train,frame_00157178,0,vehicle,0.169271,0.193519,0.032757154649
train,frame_00157272,1,soldier,0.0375,0.068056,0.0025521000000000003
train,frame_00157675,1,soldier,0.119271,0.250926,0.029928194946
train,frame_00157675,1,soldier,0.139583,0.091667,0.012795154861000002
train,frame_00157675,1,soldier,0.141667,0.067593,0.009575697530999999
train,frame_00157675,1,soldier,0.152083,0.103704,0.015771615432
train,frame_00157675,1,soldier,0.134896,0.142593,0.019235225327999997
train,frame_00157924,1,soldier,0.052083,0.109259,0.005690536497
train,frame_00158326,1,soldier,0.233668,0.464583,0.108558180444
train,frame_00158621,1,soldier,0.231944,0.327778,0.07602614043200001
train,frame_00159007,1,soldier,0.076563,0.065278,0.004997879514000001
train,frame_00159007,1,soldier,0.0375,0.101389,0.0038020875
train,frame_00159007,1,soldier,0.041406,0.1875,0.007763625
train,frame_00159467,1,soldier,0.153333,0.486111,0.074536857963
train,frame_00159467,1,soldier,0.185926,0.450926,0.083838867476
train,frame_00159473,1,soldier,0.273333,0.612037,0.16728990932100002
train,frame_00160233,1,soldier,0.092593,0.186667,0.017284057531
train,frame_00161009,0,vehicle,0.055556,0.024427,0.0013570664120000002
train,frame_00161009,0,vehicle,0.069444,0.027481,0.001908390564
train,frame_00161009,0,vehicle,0.084722,0.030534,0.002586901548
train,frame_00161210,0,vehicle,0.135937,0.253704,0.034487760648
train,frame_00161210,0,vehicle,0.085417,0.142593,0.012179866281
train,frame_00161256,1,soldier,0.340104,0.27963,0.09510328152
train,frame_00161732,1,soldier,0.025521,0.051852,0.001323314892
train,frame_00161732,1,soldier,0.033333,0.044444,0.001481451852
train,frame_00161732,1,soldier,0.023958,0.039815,0.0009538877700000001
train,frame_00161732,1,soldier,0.011979,0.035185,0.000421481115
train,frame_00161732,1,soldier,0.017188,0.047222,0.0008116517359999999
train,frame_00161732,1,soldier,0.018229,0.04537,0.00082704973
train,frame_00161732,1,soldier,0.014583,0.028704,0.000418590432
train,frame_00161732,1,soldier,0.016146,0.047222,0.000762446412
train,frame_00161732,1,soldier,0.017188,0.025926,0.000445616088
train,frame_00161882,1,soldier,0.061719,0.1125,0.0069433875
train,frame_00161882,1,soldier,0.035156,0.091667,0.003222645052
train,frame_00161882,0,vehicle,0.052344,0.068056,0.0035623232640000003
train,frame_00162074,0,vehicle,0.045312,0.075,0.0033983999999999998
train,frame_00162379,1,soldier,0.423611,0.584375,0.247547678125
train,frame_00162555,1,soldier,0.028125,0.106944,0.0030078
train,frame_00162816,1,soldier,0.417453,0.448052,0.187040651556
train,frame_00163171,0,vehicle,0.328125,0.451389,0.14811201562499998
train,frame_00163171,1,soldier,0.08125,0.155556,0.012638925
train,frame_00163171,1,soldier,0.097656,0.134722,0.013156411632000002
train,frame_00164758,1,soldier,0.025,0.0625,0.0015625
train,frame_00164758,1,soldier,0.014063,0.048611,0.000683616493
train,frame_00165232,1,soldier,0.039844,0.118056,0.004703823263999999
train,frame_00165232,1,soldier,0.035937,0.119444,0.004292459027999999
train,frame_00165488,1,soldier,0.032031,0.065278,0.002090919618
train,frame_00165690,0,vehicle,0.195312,0.273611,0.053439511632
train,frame_00165876,1,soldier,0.050781,0.118056,0.0059950017359999995
train,frame_00165876,1,soldier,0.047656,0.104167,0.004964182552
train,frame_00166159,0,vehicle,0.963443,0.517241,0.498332220763
train,frame_00166468,1,soldier,0.077344,0.213889,0.016543030816
train,frame_00167227,1,soldier,0.113281,0.3875,0.0438963875
train,frame_00167584,1,soldier,0.054688,0.147222,0.008051276736
train,frame_00167584,1,soldier,0.04375,0.134722,0.0058940875
train,frame_00167584,1,soldier,0.032813,0.127778,0.004192779514
train,frame_00167584,1,soldier,0.047656,0.134722,0.006420311632
train,frame_00168092,1,soldier,0.021354,0.092593,0.001977230922
train,frame_00168491,0,vehicle,0.084906,0.091195,0.00774300267
train,frame_00168491,0,vehicle,0.119104,0.110063,0.013108943552
train,frame_00169775,1,soldier,0.0625,0.159722,0.009982625
train,frame_00169775,1,soldier,0.039844,0.215278,0.008577536632
train,frame_00169942,0,vehicle,0.3,0.233333,0.0699999
train,frame_00170660,1,soldier,0.413281,0.261111,0.107912215191
train,frame_00171373,1,soldier,0.075472,0.351293,0.026512785296
train,frame_00171373,1,soldier,0.079009,0.3125,0.0246903125
train,frame_00171373,1,soldier,0.067217,0.232759,0.015645361703
train,frame_00171401,1,soldier,0.238889,0.173437,0.041432191493
train,frame_00171963,1,soldier,0.121287,0.31875,0.038660231249999996
train,frame_00171963,1,soldier,0.126238,0.25625,0.032348487499999995
train,frame_00172366,1,soldier,0.02,0.0625,0.00125
train,frame_00172988,1,soldier,0.200855,0.194836,0.03913378478
train,frame_00172988,1,soldier,0.068376,0.08216,0.00561777216
train,frame_00172988,1,soldier,0.064103,0.065728,0.004213361983999999
train,frame_00174276,1,soldier,0.2,0.619444,0.12388880000000001
train,frame_00175293,1,soldier,0.435417,0.575926,0.250767971142
train,frame_00175393,1,soldier,0.209896,0.793519,0.16655646402399998
train,frame_00176189,1,soldier,0.10041,0.2125,0.021337125
train,frame_00176385,0,vehicle,0.123438,0.136111,0.016801269618000002
train,frame_00176385,0,vehicle,0.099219,0.140278,0.013918242882000002
train,frame_00177249,0,vehicle,0.258889,0.361111,0.09348766567899999
train,frame_00177249,0,vehicle,0.243333,0.172222,0.041907295925999996
train,frame_00177541,0,vehicle,0.061458,0.163657,0.010058031906
train,frame_00177578,1,soldier,0.18125,0.742664,0.13460785
train,frame_00177578,1,soldier,0.123958,0.662528,0.082125645824
train,frame_00177578,1,soldier,0.117188,0.244921,0.028701802148
train,frame_00178037,1,soldier,0.086458,0.293519,0.025377065701999997
train,frame_00178180,1,soldier,0.260156,0.269444,0.07009747326400001
train,frame_00178748,1,soldier,0.058594,0.181944,0.010660826736
train,frame_00178748,1,soldier,0.061719,0.166667,0.010286520573
train,frame_00178748,1,soldier,0.084375,0.272222,0.022968731250000003
train,frame_00178748,1,soldier,0.134375,0.159722,0.02146264375
train,frame_00178748,1,soldier,0.072656,0.109722,0.007971961632
train,frame_00178770,1,soldier,0.099219,0.368056,0.036518148264
train,frame_00178770,1,soldier,0.200781,0.605556,0.12158413923599999
train,frame_00179041,1,soldier,0.042188,0.254167,0.010722797396
train,frame_00179041,1,soldier,0.039062,0.240278,0.009385739236
train,frame_00179041,1,soldier,0.047656,0.220833,0.010524017448
train,frame_00179738,0,vehicle,0.275,0.369444,0.10159710000000001
train,frame_00180367,1,soldier,0.01875,0.041667,0.00078125625
train,frame_00180367,1,soldier,0.021875,0.058333,0.001276034375
train,frame_00180367,1,soldier,0.017188,0.068056,0.001169746528
train,frame_00180446,0,vehicle,0.069271,0.099074,0.006862955053999999
train,frame_00180732,0,vehicle,0.220312,0.193519,0.042634557928
train,frame_00180945,0,vehicle,0.203125,0.285185,0.05792820312500001
train,frame_00180974,0,vehicle,0.382292,0.208333,0.079644039236
train,frame_00180974,1,soldier,0.042708,0.139815,0.00597121902
train,frame_00181151,1,soldier,0.084375,0.22963,0.01937503125
train,frame_00181151,1,soldier,0.097396,0.319444,0.031112567824
train,frame_00181191,0,vehicle,0.340104,0.351852,0.119666272608
train,frame_00181191,1,soldier,0.046354,0.137037,0.006352213097999999
train,frame_00181580,1,soldier,0.030469,0.091667,0.002793001823
train,frame_00181586,1,soldier,0.032031,0.077778,0.002491307118
train,frame_00181599,0,vehicle,0.028125,0.077778,0.00218750625
train,frame_00182000,1,soldier,0.070312,0.158333,0.011132709896
train,frame_00186696,0,vehicle,0.092708,0.125,0.0115885
train,frame_00186696,0,vehicle,0.080208,0.073694,0.005910848352
train,frame_00186855,0,vehicle,0.497656,0.398611,0.19837115581599998
train,frame_00186855,1,soldier,0.08125,0.123611,0.01004339375
train,frame_00187568,1,soldier,0.08125,0.190278,0.0154600875
train,frame_00187568,1,soldier,0.089844,0.229167,0.020589279948
train,frame_00189606,1,soldier,0.087386,0.226389,0.019783229154000003
train,frame_00189606,1,soldier,0.06079,0.115278,0.00700774962
train,frame_00189606,1,soldier,0.031155,0.108333,0.003375114615
train,frame_00189611,0,vehicle,0.614742,0.551389,0.33896197663800004
train,frame_00192005,1,soldier,0.120833,0.207547,0.025078526651
train,frame_00192005,1,soldier,0.520833,0.654481,0.340875302673
train,frame_00193471,0,vehicle,0.876389,0.486719,0.426555177691
train,frame_00194258,1,soldier,0.727778,0.3,0.2183334
val,frame_00006876,1,soldier,0.355208,0.437037,0.155239038696
val,frame_00007331,0,vehicle,0.024764,0.030387,0.0007525036680000001
val,frame_00007331,0,vehicle,0.020047,0.033149,0.0006645380029999999
val,frame_00007331,0,vehicle,0.01533,0.023481,0.00035996373
val,frame_00008034,1,soldier,0.176042,0.392724,0.069135918408
val,frame_00009218,0,vehicle,0.035937,0.081081,0.002913807897
val,frame_00009218,0,vehicle,0.027344,0.033784,0.0009237896960000001
val,frame_00009218,0,vehicle,0.032813,0.048986,0.0016073776180000002
val,frame_00009679,0,vehicle,0.053906,0.116554,0.006282959924000001
val,frame_00014554,1,soldier,0.28125,0.684701,0.19257215625000002
val,frame_00015871,1,soldier,0.332031,0.837079,0.277936177449
val,frame_00017217,1,soldier,0.121875,0.132102,0.016099931249999998
val,frame_00020551,1,soldier,0.016406,0.049716,0.0008156406960000001
val,frame_00020551,1,soldier,0.015625,0.055398,0.00086559375
val,frame_00020551,1,soldier,0.017969,0.052557,0.0009443967329999999
val,frame_00020551,1,soldier,0.011719,0.051136,0.000599262784
val,frame_00020551,1,soldier,0.011719,0.049716,0.000582621804
val,frame_00020551,1,soldier,0.023438,0.06108,0.0014315930400000002
val,frame_00020551,1,soldier,0.020313,0.045455,0.0009233274150000001
val,frame_00020551,1,soldier,0.020313,0.056818,0.001154144034
val,frame_00020551,1,soldier,0.015625,0.056818,0.00088778125
val,frame_00020551,1,soldier,0.020313,0.056818,0.001154144034
val,frame_00021293,1,soldier,0.089844,0.252778,0.022710586632
val,frame_00021609,1,soldier,0.265625,0.256944,0.06825075
val,frame_00021609,1,soldier,0.000781,0.002778,2.169618e-06
val,frame_00022184,1,soldier,0.089623,0.344156,0.030844293188
val,frame_00028336,1,soldier,0.65566,0.553066,0.36262325355999997
val,frame_00033350,1,soldier,0.101389,0.113281,0.011485447309000002
val,frame_00033350,1,soldier,0.091667,0.089844,0.008235729947999999
val,frame_00033521,1,soldier,0.106132,0.2625,0.027859650000000003
val,frame_00035237,0,vehicle,0.061719,0.056944,0.003514526736
val,frame_00037652,0,vehicle,0.053125,0.073611,0.003910584375
val,frame_00037652,0,vehicle,0.054688,0.105556,0.005772646528
val,frame_00039300,0,vehicle,0.239387,0.226891,0.054314755817
val,frame_00039314,0,vehicle,0.457031,0.465278,0.21264646961800002
val,frame_00040954,1,soldier,0.169271,0.127799,0.021632664529
val,frame_00040954,1,soldier,0.048958,0.14459,0.00707883722
val,frame_00042475,0,vehicle,0.060937,0.084722,0.005162704514
val,frame_00042876,0,vehicle,0.06875,0.059375,0.00408203125
val,frame_00042876,0,vehicle,0.06875,0.090625,0.00623046875
val,frame_00042876,0,vehicle,0.076563,0.090625,0.006938521875
val,frame_00047392,1,soldier,0.380729,0.553172,0.210608622388
val,frame_00048559,0,vehicle,0.048438,0.052734,0.0025543294920000004
val,frame_00049671,1,soldier,0.683854,0.899254,0.6149584449159999
val,frame_00050449,1,soldier,0.758854,0.535448,0.406326856592
val,frame_00054093,0,vehicle,0.031771,0.097948,0.0031119059079999997
val,frame_00054408,0,vehicle,0.033333,0.051306,0.001710182898
val,frame_00054408,0,vehicle,0.045833,0.029851,0.001368160883
val,frame_00054408,1,soldier,0.009896,0.015858,0.000156930768
val,frame_00054408,1,soldier,0.010937,0.01306,0.00014283722
val,frame_00054408,1,soldier,0.010417,0.015858,0.000165192786
val,frame_00054408,1,soldier,0.011458,0.020522,0.00023514107599999998
val,frame_00054408,1,soldier,0.009375,0.014925,0.000139921875
val,frame_00054408,1,soldier,0.014063,0.014925,0.00020989027500000002
val,frame_00058746,1,soldier,0.249219,0.409722,0.10211050711799999
val,frame_00059835,1,soldier,0.188679,0.653017,0.123210594543
val,frame_00068018,1,soldier,0.182812,0.423611,0.07744117413200001
val,frame_00068018,1,soldier,0.227344,0.397222,0.090306038368
val,frame_00068018,1,soldier,0.201563,0.997222,0.20100305798600002
val,frame_00068018,0,vehicle,0.1,0.130556,0.0130556
val,frame_00068085,1,soldier,0.304167,0.692222,0.21055108907400003
val,frame_00071142,1,soldier,0.053125,0.147222,0.00782116875
val,frame_00079181,1,soldier,0.052344,0.069444,0.0036349767360000004
val,frame_00086127,1,soldier,0.079687,0.0625,0.0049804375
val,frame_00086765,0,vehicle,0.017188,0.019444,0.00033420347199999994
val,frame_00086765,0,vehicle,0.01875,0.029167,0.0005468812499999999
val,frame_00086765,0,vehicle,0.025,0.026389,0.000659725
val,frame_00086765,0,vehicle,0.025,0.031944,0.0007986
val,frame_00086984,0,vehicle,0.081368,0.107143,0.008718011624
val,frame_00089444,1,soldier,0.141406,0.279167,0.039475888802
val,frame_00089682,0,vehicle,0.044531,0.109722,0.004886030382
val,frame_00089804,1,soldier,0.070312,0.044444,0.0031249465279999996
val,frame_00096775,1,soldier,0.067187,0.127778,0.008585020486
val,frame_00096775,1,soldier,0.042969,0.152778,0.006564717882
val,frame_00098297,1,soldier,0.166406,0.415278,0.069104750868
val,frame_00098957,1,soldier,0.335938,0.598611,0.201096182118
val,frame_00099818,0,vehicle,0.073113,0.073529,0.005375925776999999
val,frame_00106776,0,vehicle,0.5,0.550633,0.2753165
val,frame_00116586,1,soldier,0.179688,0.840278,0.15098787326399998
val,frame_00116964,0,vehicle,0.039062,0.063889,0.002495632118
val,frame_00116964,0,vehicle,0.034896,0.062963,0.0021971568480000005
val,frame_00117296,1,soldier,0.055729,0.255556,0.014241880324
val,frame_00124949,1,soldier,0.132031,0.233333,0.030807189323000004
val,frame_00127332,1,soldier,0.591406,0.398611,0.235740937066
val,frame_00135874,1,soldier,0.385417,0.926852,0.357224517284
val,frame_00137253,0,vehicle,0.089623,0.096639,0.008661077097
val,frame_00140989,1,soldier,0.048438,0.120833,0.005852908854
val,frame_00144755,1,soldier,0.041406,0.108333,0.0044856361979999995
val,frame_00145319,1,soldier,0.034375,0.142593,0.004901634375
val,frame_00145319,1,soldier,0.043229,0.150926,0.0065243800539999995
val,frame_00145319,1,soldier,0.04375,0.150926,0.0066030125
val,frame_00145319,1,soldier,0.043229,0.153704,0.0066444702159999995
val,frame_00146107,1,soldier,0.044271,0.185185,0.008198325134999998
val,frame_00147540,0,vehicle,0.019531,0.034722,0.000678155382
val,frame_00153317,1,soldier,0.021094,0.076389,0.001611349566
val,frame_00155711,1,soldier,0.229167,0.298148,0.06832568271600001
val,frame_00156037,0,vehicle,0.246094,0.343056,0.084424023264
val,frame_00157570,1,soldier,0.102222,0.245833,0.025129540925999998
val,frame_00157570,1,soldier,0.086667,0.165278,0.014324148426
val,frame_00157672,1,soldier,0.1625,0.174074,0.028287025
val,frame_00157672,1,soldier,0.153125,0.093519,0.014320096875000002
val,frame_00157672,1,soldier,0.136979,0.080556,0.011034480324
val,frame_00157672,1,soldier,0.130729,0.078704,0.010288895216
val,frame_00157678,1,soldier,0.58125,0.712963,0.41440974375000006
val,frame_00162928,1,soldier,0.043632,0.084936,0.0037059275519999994
val,frame_00165720,0,vehicle,0.099219,0.106944,0.010610876736
val,frame_00165720,0,vehicle,0.069531,0.109722,0.007629080381999999
val,frame_00169722,1,soldier,0.139844,0.788889,0.110321393316
val,frame_00169722,1,soldier,0.107031,0.451389,0.048312616059
val,frame_00171843,0,vehicle,0.219444,0.058594,0.012858101736
val,frame_00177527,1,soldier,0.196875,0.648984,0.127768725
val,frame_00177527,1,soldier,0.151042,0.611738,0.092398130996
val,frame_00177527,1,soldier,0.122396,0.506772,0.062026865712
val,frame_00179069,1,soldier,0.032031,0.145833,0.004671176822999999
val,frame_00179069,1,soldier,0.023438,0.141667,0.0033203911459999996
val,frame_00179069,1,soldier,0.030469,0.127778,0.003893267882
val,frame_00179069,1,soldier,0.025781,0.1375,0.0035448875
val,frame_00180103,1,soldier,0.145313,0.729167,0.105957444271
test,frame_00008175,1,soldier,0.682813,0.641791,0.438223238083
test,frame_00013229,1,soldier,0.064062,0.140625,0.009008718749999998
test,frame_00013229,1,soldier,0.075781,0.143466,0.010871996946
test,frame_00013229,1,soldier,0.067969,0.085227,0.005792793963
test,frame_00013229,0,vehicle,0.250781,0.338068,0.08478103110799999
test,frame_00013944,1,soldier,0.428646,0.498134,0.213523146564
test,frame_00014428,1,soldier,0.360938,0.599813,0.21649530459400002
test,frame_00014428,1,soldier,0.192708,0.596082,0.11486977005599999
test,frame_00017859,0,vehicle,0.027344,0.091667,0.002506542448
test,frame_00017859,0,vehicle,0.042188,0.090278,0.0038086482640000002
test,frame_00018214,0,vehicle,0.171094,0.140278,0.024000724132000002
test,frame_00018214,0,vehicle,0.078906,0.198611,0.015671599566
test,frame_00021183,1,soldier,0.065625,0.111111,0.0072916593750000005
test,frame_00021183,1,soldier,0.044531,0.125,0.005566375
test,frame_00021183,1,soldier,0.038281,0.098611,0.0037749276910000002
test,frame_00021183,1,soldier,0.039844,0.105556,0.004205773263999999
test,frame_00022910,0,vehicle,0.060156,0.090278,0.005430763368
test,frame_00022910,0,vehicle,0.074219,0.084722,0.006287982118
test,frame_00026679,1,soldier,0.292969,0.583333,0.17089848567699997
test,frame_00027144,0,vehicle,0.055469,0.063889,0.0035438589409999997
test,frame_00029816,1,soldier,0.035937,0.096082,0.0034528988339999995
test,frame_00031532,1,soldier,0.017708,0.078358,0.0013875634640000002
test,frame_00031532,1,soldier,0.022917,0.089552,0.002052263184
test,frame_00033597,0,vehicle,0.075,0.091667,0.006875025
test,frame_00034227,0,vehicle,0.084375,0.051562,0.00435054375
test,frame_00036662,1,soldier,0.060156,0.305556,0.018381026736
test,frame_00036662,1,soldier,0.06875,0.338889,0.023298618750000003
test,frame_00036662,1,soldier,0.104688,0.561111,0.058741588368
test,frame_00036662,1,soldier,0.186719,0.770833,0.143929166927
test,frame_00036662,1,soldier,0.272656,0.847222,0.23100016163200002
test,frame_00036662,1,soldier,0.096094,0.690278,0.066331574132
test,frame_00036662,1,soldier,0.05,0.113889,0.00569445
test,frame_00036662,1,soldier,0.054688,0.216667,0.011849084896
test,frame_00037558,1,soldier,0.025521,0.088619,0.002261645499
test,frame_00037558,1,soldier,0.032292,0.107276,0.003464156592
test,frame_00037558,1,soldier,0.046354,0.124067,0.005751001718
test,frame_00037558,1,soldier,0.033333,0.103545,0.003451465485
test,frame_00040238,0,vehicle,0.233854,0.22963,0.05369989402
test,frame_00044745,1,soldier,0.281771,0.89537,0.25228930027
test,frame_00045686,0,vehicle,0.175781,0.443056,0.077880826736
test,frame_00050404,1,soldier,0.172917,0.544776,0.094201031592
test,frame_00051264,1,soldier,0.25,0.579167,0.14479175
test,frame_00052635,1,soldier,0.133333,0.38806,0.051741203980000004
test,frame_00058687,1,soldier,0.379688,0.533333,0.202500140104
test,frame_00058687,1,soldier,0.013281,0.043056,0.000571826736
test,frame_00061434,0,vehicle,0.035937,0.034722,0.001247804514
test,frame_00061690,0,vehicle,0.89033,0.924569,0.82317151777
test,frame_00061974,1,soldier,0.167187,0.1625,0.0271678875
test,frame_00064171,0,vehicle,0.380597,0.143908,0.05477095307600001
test,frame_00064231,0,vehicle,0.366406,0.402778,0.14758027586800002
test,frame_00066372,1,soldier,0.105208,0.322222,0.033900332176
test,frame_00066612,0,vehicle,0.099219,0.141667,0.014056058072999998
test,frame_00067168,0,vehicle,0.083333,0.10463,0.008719131790000001
test,frame_00068147,1,soldier,0.406771,0.623148,0.253478535108
test,frame_00068878,1,soldier,0.080986,0.33125,0.0268266125
test,frame_00069724,1,soldier,0.314858,0.672917,0.211873300786
test,frame_00071785,0,vehicle,0.275781,0.329167,0.090778004427
test,frame_00071875,0,vehicle,0.059375,0.053125,0.003154296875
test,frame_00071875,0,vehicle,0.044531,0.0375,0.0016699125
test,frame_00071875,0,vehicle,0.035156,0.025,0.0008789000000000001
test,frame_00080048,1,soldier,0.055729,0.075926,0.004231280053999999
test,frame_00086018,1,soldier,0.026562,0.069444,0.001844571528
test,frame_00086018,1,soldier,0.033594,0.090278,0.003032799132
test,frame_00086018,1,soldier,0.028125,0.075,0.002109375
test,frame_00086142,0,vehicle,0.025,0.023611,0.000590275
test,frame_00086638,0,vehicle,0.067187,0.083333,0.005598894271
test,frame_00087007,1,soldier,0.472877,0.300866,0.14227261148200002
test,frame_00087542,1,soldier,0.056771,0.118519,0.006728442149
test,frame_00089475,1,soldier,0.055469,0.123611,0.006856578558999999
test,frame_00089820,1,soldier,0.171094,0.122222,0.020911450868
test,frame_00089820,1,soldier,0.102344,0.243056,0.024875323264
test,frame_00095498,0,vehicle,0.31875,0.32,0.102
test,frame_00096220,0,vehicle,0.075,0.100543,0.007540724999999999
test,frame_00096709,1,soldier,0.179688,0.233333,0.041927140104
test,frame_00097722,1,soldier,0.060156,0.301389,0.018130356684000003
test,frame_00097722,1,soldier,0.078125,0.306944,0.02398
test,frame_00097722,1,soldier,0.125781,0.459722,0.05782429288200001
test,frame_00101930,1,soldier,0.107311,0.387029,0.041532469019000005
test,frame_00103205,1,soldier,0.125,0.138281,0.017285125
test,frame_00105504,1,soldier,0.316406,0.278902,0.088246266212
test,frame_00109688,1,soldier,0.063679,0.098739,0.006287600781
test,frame_00109688,1,soldier,0.055425,0.081933,0.004541136525
test,frame_00111060,1,soldier,0.717187,0.408333,0.292851119271
test,frame_00115111,1,soldier,0.164062,0.405556,0.06653632847200001
test,frame_00116492,1,soldier,0.150781,0.697222,0.105127830382
test,frame_00117396,0,vehicle,0.022917,0.048148,0.001103407716
test,frame_00117396,0,vehicle,0.013542,0.02037,0.00027585054
test,frame_00119018,1,soldier,0.013281,0.055556,0.0007378392359999999
test,frame_00119018,1,soldier,0.0125,0.055556,0.0006944500000000001
test,frame_00119018,1,soldier,0.010156,0.048611,0.0004936933160000001
test,frame_00119018,1,soldier,0.013281,0.055556,0.0007378392359999999
test,frame_00119018,1,soldier,0.01875,0.044444,0.0008333249999999999
test,frame_00119018,1,soldier,0.017188,0.063889,0.001098124132
test,frame_00119018,1,soldier,0.022656,0.063889,0.001447469184
test,frame_00124229,1,soldier,0.060156,0.272222,0.016375786632
test,frame_00124229,1,soldier,0.045312,0.188889,0.008558938367999999
test,frame_00124369,1,soldier,0.038281,0.077778,0.0029774196180000004
test,frame_00124369,1,soldier,0.03125,0.055556,0.001736125
test,frame_00124577,1,soldier,0.033594,0.188889,0.006345537066
test,frame_00132620,1,soldier,0.292187,0.186111,0.05437921475699999
test,frame_00132631,1,soldier,0.321094,0.273611,0.087854850434
test,frame_00135282,1,soldier,0.024764,0.051056,0.001264350784
test,frame_00135282,1,soldier,0.023585,0.06162,0.0014533076999999998
test,frame_00135282,1,soldier,0.021226,0.068662,0.0014574196119999999
test,frame_00140676,1,soldier,0.083594,0.086111,0.0071983629339999996
test,frame_00141326,1,soldier,0.171875,0.112037,0.019256359375
test,frame_00141354,1,soldier,0.141146,0.150926,0.021302601196
test,frame_00141354,1,soldier,0.341667,0.278704,0.095223959568
test,frame_00143024,0,vehicle,0.032292,0.035185,0.00113619402
test,frame_00143257,0,vehicle,0.053125,0.045833,0.002434878125
test,frame_00149096,0,vehicle,0.147656,0.216667,0.031992182552
test,frame_00154076,1,soldier,0.040104,0.061111,0.002450795544
test,frame_00168840,1,soldier,0.126562,0.086111,0.010898380382
test,frame_00171381,1,soldier,0.086085,0.439655,0.037847700675
test,frame_00171381,1,soldier,0.088443,0.411638,0.036406499634
test,frame_00178028,1,soldier,0.055729,0.113889,0.006346920081
test,frame_00178287,1,soldier,0.080469,0.173611,0.013970303558999999
test,frame_00178287,1,soldier,0.203906,0.305556,0.062304701736
test,frame_00178287,1,soldier,0.030469,0.036111,0.001100266059
test,frame_00178287,0,vehicle,0.589063,0.763889,0.44997874600700005
test,frame_00180592,1,soldier,0.063542,0.323148,0.020533470216
test,frame_00180592,1,soldier,0.088021,0.324074,0.028525317553999997
test,frame_00181279,1,soldier,0.147396,0.375933,0.055411020468000005
test,frame_00181292,1,soldier,0.198437,0.283582,0.056273161334
test,frame_00181698,1,soldier,0.308685,0.882353,0.272369135805
test,frame_00181698,1,soldier,0.578638,0.756303,0.43762565531399994
test,frame_00181951,1,soldier,0.096094,0.345833,0.033232476302
test,frame_00185741,1,soldier,0.644886,0.275641,0.17775702192600001
test,frame_00186694,0,vehicle,0.396354,0.43097,0.17081668338
test,frame_00186694,0,vehicle,0.176042,0.13153,0.023154804260000002
test,frame_00186694,0,vehicle,0.136979,0.172575,0.023639150924999998
test,frame_00188301,1,soldier,0.015625,0.051136,0.000799
test,frame_00188301,1,soldier,0.017188,0.051136,0.0008789255679999999
test,frame_00188301,1,soldier,0.015625,0.053977,0.000843390625
test,frame_00188301,1,soldier,0.017188,0.048295,0.0008300944599999999
test,frame_00188301,1,soldier,0.020313,0.0625,0.0012695625
test,frame_00188301,1,soldier,0.015625,0.053977,0.000843390625
test,frame_00188301,1,soldier,0.010937,0.053977,0.000590346449
test,frame_00190309,0,vehicle,0.385937,0.365278,0.140974295486
test,frame_00190309,0,vehicle,0.223438,0.331944,0.074168903472
